周标签,收益率,天数,天干,地支,五行_干
2020-01_W1,0.004666953672713081,1,乙,巳,木
2020-01_W2,0.009990103351175405,5,戊,申,土
2020-01_W3,0.02879444381994902,5,乙,卯,木
2020-01_W4,-0.006960336043025789,4,壬,戌,水
2020-02_W6,0.02098433758501852,5,丙,子,火
2020-02_W7,0.003373206355756819,5,癸,未,水
2020-02_W8,0.0031861078281652856,5,庚,寅,金
2020-02_W9,-0.02383657368826695,5,丁,酉,火
2020-03_W10,0.009008851428121111,5,甲,辰,木
2020-03_W11,-0.010683312752237462,5,辛,亥,金
2020-03_W12,-0.007993772939427112,5,戊,午,土
2020-03_W13,-0.006922439568237171,5,乙,丑,木
2020-03_W14,-0.025376384415944253,2,壬,申,水
2020-04_W14,0.016567935361155046,3,甲,戌,木
2020-04_W15,-0.004861335092941482,4,庚,辰,金
2020-04_W16,0.010966413551513865,5,丙,戌,火
2020-04_W17,0.004866798215282931,5,癸,巳,水
2020-04_W18,0.0052789073159000555,4,庚,子,金
2020-05_W19,0.02133707859109361,3,己,酉,土
2020-05_W20,0.004898590861266383,5,甲,寅,木
2020-05_W21,-0.005822139459437725,5,辛,酉,金
2020-05_W22,0.0028248740210194967,5,戊,辰,土
2020-06_W23,0.008250429110153923,5,乙,亥,木
2020-06_W24,-0.005441267308148534,5,壬,午,水
2020-06_W25,0.009863354687303861,5,己,丑,土
2020-06_W26,0.024380973579518555,3,丙,申,火
2020-06_W27,0.008550194646559761,2,癸,卯,水
2020-07_W27,-0.002142240405499596,3,乙,巳,木
2020-07_W28,0.02872139372045235,5,庚,戌,金
2020-07_W29,-0.026017638590519598,5,丁,巳,火
2020-07_W30,-0.007063323212870176,5,甲,子,木
2020-07_W31,0.017462917888503293,5,辛,未,金
2020-08_W32,0.002568058586916733,5,戊,寅,土
2020-08_W33,-0.0055294218388885815,5,乙,酉,木
2020-08_W34,-0.004823427166808192,5,壬,辰,水
2020-08_W35,-0.004578393567999983,5,己,亥,土
2020-08_W36,0.0067902863323470175,1,丙,午,火
2020-09_W36,-0.005818728012396607,4,丁,未,火
2020-09_W37,-0.011241267511541619,5,癸,丑,水
2020-09_W38,0.013644629901159933,5,庚,申,金
2020-09_W39,-0.005607715030790894,5,丁,卯,火
2020-09_W40,0.013486598667202884,3,甲,戌,木
2020-10_W41,0.0332415653836069,1,乙,酉,木
2020-10_W42,-0.003677319307065563,5,戊,子,土
2020-10_W43,-0.014514946765472669,5,乙,未,木
2020-10_W44,0.008515766780376289,5,壬,寅,水
2020-11_W45,0.006899360252413245,5,己,酉,土
2020-11_W46,-0.0003115023677734641,5,丙,辰,火
2020-11_W47,-0.0008211660660278231,5,癸,亥,水
2020-11_W48,-0.006055889989148367,5,庚,午,金
2020-11_W49,-0.0016472482091760554,1,丁,丑,火
2020-12_W49,0.0034997052303794574,4,戊,寅,土
2020-12_W50,-0.005992906678046484,5,甲,申,木
2020-12_W51,-0.00022058624179561727,5,辛,卯,金
2020-12_W52,-0.0015203522876966248,5,戊,戌,土
2020-12_W53,0.007994958832481969,4,乙,巳,木
2021-01_W1,-0.001957178023990891,5,壬,子,水
2021-01_W2,0.009842313388078195,5,己,未,土
2021-01_W3,0.005465023710358241,5,丙,寅,火
2021-01_W4,-0.008743155803507175,5,癸,酉,水
2021-02_W5,-0.007522572920579074,5,庚,辰,金
2021-02_W6,0.01641153696595099,3,丁,亥,火
2021-02_W7,-0.003175776254271845,2,丁,酉,火
2021-02_W8,-0.014720316171986148,5,辛,丑,金
2021-03_W10,-0.010197902730763842,5,乙,卯,木
2021-03_W11,-0.004701381676123129,5,壬,戌,水
2021-03_W12,0.004195565370110765,5,己,巳,土
2021-03_W13,-0.0022131368241857796,3,丙,子,火
2021-03_W9,0.0007750316644730803,5,戊,申,土
2021-04_W13,0.020469626195192547,2,己,卯,土
2021-04_W14,-0.0055012916637766085,4,甲,申,木
2021-04_W15,0.0005852869450472253,5,庚,寅,金
2021-04_W16,0.005805358517787784,5,丁,酉,火
2021-04_W17,0.0015913170485666983,5,甲,辰,木
2021-05_W18,-0.02222383228027841,2,甲,寅,木
2021-05_W19,0.005771256825972415,5,戊,午,土
2021-05_W20,0.00230765209637005,5,乙,丑,木
2021-05_W21,0.01065979390040559,5,壬,申,水
2021-05_W22,0.040856714710047815,1,己,卯,土
2021-06_W22,-0.0018251353428927752,4,庚,辰,金
2021-06_W23,0.0007123664920920758,5,丙,戌,火
2021-06_W24,0.010383432255064162,4,甲,午,木
2021-06_W25,0.005433440023394032,5,庚,子,金
2021-06_W26,0.011494633508776922,3,丁,未,火
2021-07_W26,-0.015829316548918282,2,庚,戌,金
2021-07_W27,0.006125678615951413,5,甲,寅,木
2021-07_W28,-0.007407743547620793,5,辛,酉,金
2021-07_W29,0.005066246705963851,5,戊,辰,土
2021-07_W30,0.0037583836381343662,5,乙,亥,木
2021-08_W31,-0.000437391810066301,5,壬,午,水
2021-08_W32,-0.004253078528679599,5,己,丑,土
2021-08_W33,-0.002935846374695572,5,丙,申,火
2021-08_W34,-0.006271456608791981,5,癸,卯,水
2021-08_W35,-0.013281745942023027,2,庚,戌,金
2021-09_W35,-0.009375199390248298,3,壬,子,水
2021-09_W36,0.0038086658154768303,5,丁,巳,火
2021-09_W37,-0.010950931385483509,5,甲,子,木
2021-09_W38,0.006214766751149403,3,癸,酉,水
2021-09_W39,-0.0010875317015819896,4,戊,寅,土
2021-10_W40,-0.0031109448563469977,1,己,丑,土
2021-10_W41,-7.598263959647244e-05,5,壬,辰,水
2021-10_W42,0.0007560911548558646,5,己,亥,土
2021-10_W43,0.004166105449145863,5,丙,午,火
2021-11_W44,9.931689256013066e-05,5,癸,丑,水
2021-11_W45,0.006157136783571038,5,庚,申,金
2021-11_W46,0.0006898758860407472,5,丁,卯,火
2021-11_W47,0.002149697165314013,5,甲,戌,木
2021-11_W48,0.0053929118252064034,2,辛,巳,金
2021-12_W48,-0.006943432018941098,3,癸,未,水
2021-12_W49,-0.0011272893875942547,5,戊,子,土
2021-12_W50,-0.005117784082494703,5,乙,未,木
2021-12_W51,-0.0057640020874624165,5,壬,寅,水
2021-12_W52,0.005793859161716685,5,己,酉,土
2022-01_W1,-0.016982343319268733,4,丁,巳,火
2022-01_W2,0.0011560372271099072,5,癸,亥,水
2022-01_W3,-0.0032720507443815493,5,庚,午,金
2022-01_W4,-0.009552119440504292,5,丁,丑,火
2022-02_W6,-0.00982514759510753,5,辛,卯,金
2022-02_W7,0.005952490605831829,5,戊,戌,土
2022-02_W8,0.006203066546769565,5,乙,巳,木
2022-02_W9,0.00701680584231501,1,壬,子,水
2022-03_W10,-0.0068758528082429,5,己,未,土
2022-03_W11,-0.002643461330430008,5,丙,寅,火
2022-03_W12,-0.006551796664646337,5,癸,酉,水
2022-03_W13,-0.0033974456241144257,4,庚,辰,金
2022-03_W9,-0.009425693105227506,4,癸,丑,水
2022-04_W13,-0.0017084318996498649,1,甲,申,木
2022-04_W14,-0.019296819686363986,3,己,丑,土
2022-04_W15,-0.01052504983192919,5,甲,午,木
2022-04_W16,-0.006331849330238093,5,辛,丑,金
2022-04_W17,0.001924217876245682,5,戊,申,土
2022-05_W18,-0.0025304880365171756,2,戊,午,土
2022-05_W19,0.014230983898104555,5,壬,戌,水
2022-05_W20,0.006822383029299361,5,己,巳,土
2022-05_W21,-0.009887071094493428,5,丙,子,火
2022-05_W22,0.02080739218153871,2,癸,未,水
2022-06_W22,0.021593735035297934,2,乙,酉,木
2022-06_W23,0.004484054419706474,5,庚,寅,金
2022-06_W24,-0.001873540044532307,5,丁,酉,火
2022-06_W25,0.0018194766453708544,5,甲,辰,木
2022-06_W26,0.0010645811872642408,4,辛,亥,金
2022-07_W26,-0.015047930344307958,1,乙,卯,木
2022-07_W27,0.002761807423080409,5,戊,午,土
2022-07_W28,-0.005651300663744951,5,乙,丑,木
2022-07_W29,0.002405690914792857,5,壬,申,水
2022-07_W30,0.0008027557447825462,5,己,卯,土
2022-08_W31,0.012382066827139026,5,丙,戌,火
2022-08_W32,-0.0018481797752533558,5,癸,巳,水
2022-08_W33,-0.006561118276776368,5,庚,子,金
2022-08_W34,-0.011452707291917674,5,丁,未,火
2022-08_W35,-0.005169663171746793,3,甲,寅,木
2022-09_W35,0.0002337558779527682,2,丁,巳,火
2022-09_W36,0.0007546782878532276,5,辛,酉,金
2022-09_W37,-0.008559190432227415,4,己,巳,土
2022-09_W38,-0.007559184794015872,5,乙,亥,木
2022-09_W39,-0.004415941908147691,5,壬,午,水
2022-10_W41,0.0037115574071164615,5,丙,申,火
2022-10_W42,0.0027613054693181203,5,癸,卯,水
2022-10_W43,0.005368063810459489,5,庚,戌,金
2022-10_W44,0.016710927916387064,1,丁,巳,火
2022-11_W44,0.01514177509660175,4,戊,午,土
2022-11_W45,-0.009409879666167664,5,甲,子,木
2022-11_W46,0.001811350639189735,5,辛,未,金
2022-11_W47,-0.006256766257425705,5,戊,寅,土
2022-11_W48,0.00011666762952452132,3,乙,酉,木
2022-12_W48,0.003945295074261612,2,戊,子,土
2022-12_W49,-0.001279805764769959,5,壬,辰,水
2022-12_W50,-0.004670596332835175,5,己,亥,土
2022-12_W51,-0.01213130541396259,5,丙,午,火
2022-12_W52,0.008547974312944762,5,癸,丑,水
2023-01_W1,0.008078676457051542,4,辛,酉,金
2023-01_W2,-0.003387306535753409,5,丁,卯,火
2023-01_W3,0.011027324622999667,5,甲,戌,木
2023-01_W5,-0.007159220922908716,2,戊,子,土
2023-02_W5,0.006379493247401206,3,庚,寅,金
2023-02_W6,-0.0017145159710241665,5,乙,未,木
2023-02_W7,-0.00752919442957325,5,壬,寅,水
2023-02_W8,0.0008911808498414553,5,己,酉,土
2023-02_W9,-7.3963915841746e-05,2,丙,辰,火
2023-03_W10,-0.001031923728632278,5,癸,亥,水
2023-03_W11,0.004524526901102765,5,庚,午,金
2023-03_W12,0.008782954333585691,5,丁,丑,火
2023-03_W13,0.003944247389425204,5,甲,申,木
2023-03_W9,0.0028518417452059555,3,戊,午,土
2023-04_W14,0.02193141868481674,2,辛,卯,金
2023-04_W15,0.0014415249970326726,5,戊,戌,土
2023-04_W16,-0.0031844162599772964,5,乙,巳,木
2023-04_W17,-0.005148244539776137,5,壬,子,水
2023-05_W18,-0.017978324674921664,2,壬,戌,水
2023-05_W19,-0.006708854496940498,5,丙,寅,火
2023-05_W20,0.005093501470827722,5,癸,酉,水
2023-05_W21,-0.00021968759363473201,5,庚,辰,金
2023-05_W22,0.004928480112952105,3,丁,亥,火
2023-06_W22,-0.00029371028078845063,2,庚,寅,金
2023-06_W23,-0.0038230817114792703,5,甲,午,木
2023-06_W24,0.003953980011620351,5,辛,丑,金
2023-06_W25,-0.01031345194977414,3,戊,申,土
2023-06_W26,-0.0029602602511532793,5,乙,卯,木
2023-07_W27,-0.0026374278526288377,5,壬,戌,水
2023-07_W28,-1.0620529494698162e-05,5,己,巳,土
2023-07_W29,-0.007364792414541532,5,丙,子,火
2023-07_W30,0.0015254696112257937,5,癸,未,水
2023-07_W31,0.0065953700481486965,1,庚,寅,金
2023-08_W31,0.0017488011283984806,4,辛,卯,金
2023-08_W32,-0.007674328857230073,5,丁,酉,火
2023-08_W33,-0.00742138293447081,5,甲,辰,木
2023-08_W34,-0.007509430883229839,5,辛,亥,金
2023-08_W35,0.020228224172368137,4,戊,午,土
2023-09_W35,-0.008302452862415488,1,壬,戌,水
2023-09_W36,-0.007083794263822574,5,乙,丑,木
2023-09_W37,-0.003199631995258345,5,壬,申,水
2023-09_W38,-0.000843860556982623,5,己,卯,土
2023-09_W39,0.0014135054072832443,4,丙,戌,火
2023-10_W41,0.0009149719567639325,5,庚,子,金
2023-10_W42,-0.006745935242683565,5,丁,未,火
2023-10_W43,0.00011185330735226095,5,甲,寅,木
2023-10_W44,0.0073231886284589875,2,辛,酉,金
2023-11_W44,0.00044806696540441077,3,癸,亥,水
2023-11_W45,0.003301302092441105,5,戊,辰,土
2023-11_W46,0.00041047256348676343,5,乙,亥,木
2023-11_W47,-0.005998396380869053,5,壬,午,水
2023-11_W48,0.00028585082147183916,4,己,丑,土
2023-12_W48,0.002139346298018374,1,癸,巳,水
2023-12_W49,0.00026077199313641054,5,丙,申,火
2023-12_W50,-0.00478532799732061,5,癸,卯,水
2023-12_W51,-0.0009425908073278588,5,庚,戌,金
2023-12_W52,0.0021382697069157073,5,丁,巳,火
2024-01_W1,-0.013242696847937246,4,乙,丑,木
2024-01_W2,-0.007269464561466754,5,辛,未,金
2024-01_W3,-0.0032396224717004206,5,戊,寅,土
2024-01_W4,-0.004913316194241046,5,乙,酉,木
2024-01_W5,-0.028115009439297383,3,壬,辰,水
2024-02_W5,-0.008265322368787631,2,乙,未,木
2024-02_W6,0.028076736917099054,4,己,亥,土
2024-02_W8,0.003471564739978006,5,癸,丑,水
2024-02_W9,0.01431495379247727,4,庚,申,金
2024-03_W10,-0.0029690636704963413,5,丁,卯,火
2024-03_W11,0.0014128910030470677,5,甲,戌,木
2024-03_W12,-0.0035097355514316806,5,辛,巳,金
2024-03_W13,-0.007960529380207148,5,戊,子,土
2024-03_W9,0.009632205737971855,1,甲,子,木
2024-04_W14,-0.002522642014560983,3,乙,未,木
2024-04_W15,-0.0048082215975652435,5,壬,寅,水
2024-04_W16,-0.0019532761079794404,5,己,酉,土
2024-04_W17,0.005946378808424591,5,丙,辰,火
2024-04_W18,0.010290219157178704,2,癸,亥,水
2024-05_W19,3.608012301243857e-05,5,庚,午,金
2024-05_W20,-0.003315501879720051,5,丁,丑,火
2024-05_W21,-0.007263402502336214,5,甲,申,木
2024-05_W22,0.004398512629343898,5,辛,卯,金
2024-06_W23,-0.0014013017459722833,5,戊,戌,土
2024-06_W24,0.0055548012573296,4,丙,午,火
2024-06_W25,0.0010977706034177137,5,壬,子,水
2024-06_W26,-0.012379159224128822,5,己,未,土
2024-07_W27,-0.0036839261588146543,5,丙,寅,火
2024-07_W28,0.005592089817580481,5,癸,酉,水
2024-07_W29,0.00857377907240422,5,庚,辰,金
2024-07_W30,-0.00786592309625036,5,丁,亥,火
2024-07_W31,0.011117267387264781,3,甲,午,木
2024-08_W31,-0.011968748945918928,2,丁,酉,火
2024-08_W32,-0.005504810224447399,5,辛,丑,金
2024-08_W33,-5.9127603271180716e-05,5,戊,申,土
2024-08_W34,-0.00556893323809986,5,乙,卯,木
2024-08_W35,0.0025159546402711897,5,壬,戌,水
2024-09_W36,-0.00923773576089335,5,己,巳,土
2024-09_W37,-0.0021808103230418043,5,丙,子,火
2024-09_W38,-0.0033866379869171106,3,乙,酉,木
2024-09_W39,0.027171333535830566,5,庚,寅,金
2024-09_W40,0.1788461330565827,1,丁,酉,火
2024-10_W41,0.011644318401919013,4,乙,巳,木
2024-10_W42,0.018441665368203974,5,辛,亥,金
2024-10_W43,0.0026433645865560516,5,戊,午,土
2024-10_W44,-0.0054808030065568725,4,乙,丑,木
2024-11_W44,-0.03061845503833105,1,己,巳,土
2024-11_W45,0.017788142209037905,5,壬,申,水
2024-11_W46,-0.007168157434482269,5,己,卯,土
2024-11_W47,-0.003270905276329339,5,丙,戌,火
2024-11_W48,0.007901643549710301,5,癸,巳,水
2024-12_W1,-0.014520331028646472,2,戊,辰,土
2024-12_W49,0.001433253763167941,5,庚,子,金
2024-12_W50,-0.004859296720583295,5,丁,未,火
2024-12_W51,0.00438136576470054,5,甲,寅,木
2024-12_W52,0.0015084568724336388,5,辛,酉,金
2025-01_W1,-0.02406190950165199,2,辛,未,金
2025-01_W2,0.0019498891808695574,5,乙,亥,木
2025-01_W3,0.0033501903524248977,5,壬,午,水
2025-01_W4,0.0018654174552183989,5,己,丑,土
2025-01_W5,-0.020253704733318667,1,丙,申,火
2025-02_W6,0.02180842079175586,3,乙,巳,木
2025-02_W7,0.0008465748585116284,5,庚,戌,金
2025-02_W8,0.014147909723943952,5,丁,巳,火
2025-02_W9,-0.002707780630008716,5,甲,子,木
2025-03_W10,0.005461786213375719,5,辛,未,金
2025-03_W11,-0.0034725627996747164,5,戊,寅,土
2025-03_W12,-0.008413740299245109,5,乙,酉,木
2025-03_W13,-0.0025456239216718355,5,壬,辰,水
2025-03_W14,-0.006568390132455804,1,己,亥,土
2025-04_W14,-0.001512056222197855,3,庚,子,金
2025-04_W15,-8.361807204171345e-05,5,丙,午,火
2025-04_W16,-0.0005957024677951894,5,癸,丑,水
2025-04_W17,-0.0007773992659125595,5,庚,申,金
2025-04_W18,0.0026056869143391928,3,丁,卯,火
2025-05_W19,-0.0014344065765107827,4,乙,亥,木
2025-05_W20,-0.002191076711643225,5,辛,巳,金
2025-05_W21,-0.002953825131675569,5,戊,子,土
2025-05_W22,-0.0006809773306370337,5,乙,未,木
2025-06_W23,0.0037337347512419183,4,癸,卯,水
2025-06_W24,-0.00377820858748541,5,己,酉,土
2025-06_W25,-0.003106401834972705,5,丙,辰,火
2025-06_W26,0.006302554453448605,5,癸,亥,水
2025-06_W27,0.01538436629424278,1,庚,午,金
2025-07_W27,-0.0046519168105267905,4,辛,未,金
2025-07_W28,0.0020036832853447483,5,丁,丑,火
2025-07_W29,0.00262176130729459,5,甲,申,木
2025-07_W30,0.009121072809788,5,辛,卯,金
2025-07_W31,-0.0014500922594038457,4,戊,戌,土
2025-08_W31,-0.010588145476060795,1,壬,寅,水
2025-08_W32,0.0013395090485153415,5,乙,巳,木
2025-08_W33,0.010844726590062326,5,壬,子,水
2025-08_W34,0.025847024334243372,5,己,未,土
2025-08_W35,0.015089364987558373,5,丙,寅,火
2025-09_W36,-0.010569111515097629,5,癸,酉,水
2025-09_W37,0.011016334011176632,5,庚,辰,金
2025-09_W38,0.003695808788845412,5,丁,亥,火
2025-09_W39,0.012812245589248294,5,甲,午,木
2025-09_W40,0.01520949791567383,2,辛,丑,金
2025-10_W41,-0.013426980046942927,2,辛,亥,金
2025-10_W42,-0.012339021808912932,5,乙,卯,木
2025-10_W43,0.014292691227556675,5,壬,戌,水
2025-10_W44,-0.00631242744001177,5,己,巳,土
2025-11_W45,0.0001747580676190852,5,丙,子,火
2025-11_W46,-0.007721822315629989,5,癸,未,水
2025-11_W47,-0.011264818364573891,5,庚,寅,金
2025-11_W48,0.0063609571014737075,5,丁,酉,火
2025-12_W1,-0.000364105303884014,3,壬,申,水
2025-12_W49,-0.00011086901181365239,5,甲,辰,木
2025-12_W50,0.003495619292739338,5,辛,亥,金
2025-12_W51,-0.005895094224556363,5,戊,午,土
2025-12_W52,0.005663268992141646,5,乙,丑,木
2026-01_W2,0.018961660192919894,5,己,卯,土
2026-01_W3,0.00529995503585341,5,丙,戌,火
2026-01_W4,0.005326072105711632,5,癸,巳,水
2026-01_W5,-0.005650989882136859,5,庚,子,金
2026-02_W6,-0.011658954558335299,5,丁,未,火
2026-02_W7,0.006747249952386181,5,甲,寅,木
2026-02_W9,0.0030042661633880863,4,己,巳,土
2026-03_W10,-0.009807269959041886,5,乙,亥,木
2026-03_W11,-0.005733215577550732,5,壬,午,水
2026-03_W12,-0.008062214452939375,5,己,丑,土
2026-03_W13,-0.002349663052829731,5,丙,申,火
2026-03_W14,-0.017187575651756326,2,癸,卯,水
2026-04_W14,0.00028451536789601367,3,乙,巳,木
2026-04_W15,0.02118825436850333,4,辛,亥,金
2026-04_W16,0.008511209090452753,5,丁,巳,火
2026-04_W17,0.004347865793035033,5,甲,子,木
2026-04_W18,0.019934433380390693,4,辛,未,金
2026-05_W19,0.015005882194632872,3,庚,辰,金
2026-05_W20,0.025832376774187704,3,乙,酉,木
