ts_code,rank,entry_month,buy_ganzhi,buy_wuxing,holding_months,sell_month,sell_ganzhi,return
000001.SH,1,2014-11,乙亥(水),水,1,2014-12,丙子(水),8.437244
000001.SH,2,2015-03,己卯(木),木,1,2015-04,庚辰(土),6.675063
000001.SH,3,2024-08,壬申(金),金,1,2024-09,癸酉(金),5.84871
000001.SH,4,2015-02,戊寅(木),木,2,2015-04,庚辰(土),4.835277
000001.SH,5,2014-10,甲戌(土),土,2,2014-12,丙子(水),4.700364
000001.SH,6,2012-11,辛亥(水),水,1,2012-12,壬子(水),4.128848
000001.SH,7,2019-01,乙丑(土),土,1,2019-02,丙寅(木),3.71188
000001.SH,8,2015-02,戊寅(木),木,1,2015-03,己卯(木),3.436505
000001.SH,9,2010-09,乙酉(金),金,1,2010-10,丙戌(土),2.967279
000001.SH,10,2016-02,庚寅(木),木,1,2016-03,辛卯(木),2.794398
000688.SH,1,2025-07,癸未(土),土,1,2025-08,甲申(金),18.349342
000688.SH,2,2024-08,壬申(金),金,1,2024-09,癸酉(金),14.517912
000688.SH,3,2026-03,辛卯(木),木,1,2026-04,壬辰(土),13.625006
000688.SH,4,2025-07,癸未(土),土,2,2025-09,乙酉(金),7.44317
000688.SH,5,2026-03,辛卯(木),木,2,2026-05,癸巳(火),6.82419
000688.SH,6,2024-08,壬申(金),金,2,2024-10,甲戌(土),6.41949
000688.SH,7,2024-01,乙丑(土),土,1,2024-02,丙寅(木),6.242439
000688.SH,8,2020-05,辛巳(火),火,1,2020-06,壬午(火),5.055258
000688.SH,9,2025-06,壬午(火),火,2,2025-08,甲申(金),4.705546
000688.SH,10,2025-06,壬午(火),火,3,2025-09,乙酉(金),3.931508
000858.SZ,1,2019-02,丙寅(木),木,1,2019-03,丁卯(木),29.269795
000858.SZ,2,2024-08,壬申(金),金,1,2024-09,癸酉(金),27.211582
000858.SZ,3,2020-06,壬午(火),火,1,2020-07,癸未(土),16.778799
000858.SZ,4,2019-01,乙丑(土),土,2,2019-03,丁卯(木),14.291045
000858.SZ,5,2016-02,庚寅(木),木,1,2016-03,辛卯(木),13.771064
000858.SZ,6,2018-12,甲子(水),水,3,2019-03,丁卯(木),11.153639
000858.SZ,7,2017-11,辛亥(水),水,1,2017-12,壬子(水),9.627006
000858.SZ,8,2020-05,辛巳(火),火,2,2020-07,癸未(土),8.992333
000858.SZ,9,2019-02,丙寅(木),木,2,2019-04,戊辰(土),7.608858
000858.SZ,10,2019-01,乙丑(土),土,3,2019-04,戊辰(土),7.303324
300750.SZ,1,2020-11,丁亥(水),水,1,2020-12,戊子(水),82.624409
300750.SZ,2,2024-08,壬申(金),金,1,2024-09,癸酉(金),41.373509
300750.SZ,3,2025-08,甲申(金),金,1,2025-09,乙酉(金),25.241591
300750.SZ,4,2022-05,乙巳(火),火,1,2022-06,丙午(火),24.26824
300750.SZ,5,2019-10,甲戌(土),土,1,2019-11,乙亥(水),16.967706
300750.SZ,6,2019-10,甲戌(土),土,2,2019-12,丙子(水),12.78889
300750.SZ,7,2019-10,甲戌(土),土,3,2020-01,丁丑(土),12.040487
300750.SZ,8,2025-07,癸未(土),土,2,2025-09,乙酉(金),11.291902
300750.SZ,9,2021-05,癸巳(火),火,1,2021-06,甲午(火),11.224145
300750.SZ,10,2019-12,丙子(水),水,1,2020-01,丁丑(土),10.663336
399001.SZ,1,2024-08,壬申(金),金,1,2024-09,癸酉(金),15.20817
399001.SZ,2,2014-11,乙亥(水),水,1,2014-12,丙子(水),10.257322
399001.SZ,3,2019-01,乙丑(土),土,1,2019-02,丙寅(木),8.618216
399001.SZ,4,2010-09,乙酉(金),金,1,2010-10,丙戌(土),5.286403
399001.SZ,5,2014-10,甲戌(土),土,2,2014-12,丙子(水),4.765107
399001.SZ,6,2015-09,乙酉(金),金,1,2015-10,丙戌(土),4.692817
399001.SZ,7,2012-11,辛亥(水),水,1,2012-12,壬子(水),4.54959
399001.SZ,8,2025-07,癸未(土),土,1,2025-08,甲申(金),4.529993
399001.SZ,9,2019-01,乙丑(土),土,2,2019-03,丁卯(木),4.401109
399001.SZ,10,2016-02,庚寅(木),木,1,2016-03,辛卯(木),4.306866
399006.SZ,1,2024-08,壬申(金),金,1,2024-09,癸酉(金),45.165629
399006.SZ,2,2019-01,乙丑(土),土,1,2019-02,丙寅(木),13.631182
399006.SZ,3,2025-07,癸未(土),土,1,2025-08,甲申(金),12.381484
399006.SZ,4,2015-04,庚辰(土),土,1,2015-05,辛巳(火),12.172776
399006.SZ,5,2015-03,己卯(木),木,2,2015-05,辛巳(火),11.195491
399006.SZ,6,2015-02,戊寅(木),木,3,2015-05,辛巳(火),10.400932
399006.SZ,7,2015-03,己卯(木),木,1,2015-04,庚辰(土),10.290711
399006.SZ,8,2015-02,戊寅(木),木,2,2015-04,庚辰(土),9.606495
399006.SZ,9,2015-02,戊寅(木),木,1,2015-03,己卯(木),8.963743
399006.SZ,10,2013-04,丙辰(土),土,1,2013-05,丁巳(火),8.51162
601288.SH,1,2014-11,乙亥(水),水,1,2014-12,丙子(水),22.678111
601288.SH,2,2014-10,甲戌(土),土,2,2014-12,丙子(水),8.26408
601288.SH,3,2025-09,乙酉(金),金,1,2025-10,丙戌(土),7.345368
601288.SH,4,2017-12,壬子(水),水,1,2018-01,癸丑(土),5.217755
601288.SH,5,2014-09,癸酉(金),金,3,2014-12,丙子(水),3.928294
601288.SH,6,2025-07,癸未(土),土,1,2025-08,甲申(金),2.664039
601288.SH,7,2014-10,甲戌(土),土,1,2014-11,乙亥(水),2.624579
601288.SH,8,2024-11,乙亥(水),水,1,2024-12,丙子(水),2.50553
601288.SH,9,2014-10,甲戌(土),土,3,2015-01,丁丑(土),2.33691
601288.SH,10,2014-11,乙亥(水),水,2,2015-01,丁丑(土),2.201754
801010.SI,1,2015-04,庚辰(土),土,1,2015-05,辛巳(火),12.898827
801010.SI,2,2019-01,乙丑(土),土,1,2019-02,丙寅(木),9.847856
801010.SI,3,2015-02,戊寅(木),木,1,2015-03,己卯(木),8.870559
801010.SI,4,2019-01,乙丑(土),土,2,2019-03,丁卯(木),7.685192
801010.SI,5,2024-08,壬申(金),金,1,2024-09,癸酉(金),7.466671
801010.SI,6,2015-02,戊寅(木),木,3,2015-05,辛巳(火),7.201835
801010.SI,7,2015-03,己卯(木),木,2,2015-05,辛巳(火),6.476454
801010.SI,8,2019-02,丙寅(木),木,1,2019-03,丁卯(木),5.953684
801010.SI,9,2012-11,辛亥(水),水,1,2012-12,壬子(水),5.698736
801010.SI,10,2015-02,戊寅(木),木,2,2015-04,庚辰(土),5.300536
801030.SI,1,2024-08,壬申(金),金,1,2024-09,癸酉(金),8.40564
801030.SI,2,2015-04,庚辰(土),土,1,2015-05,辛巳(火),7.84052
801030.SI,3,2015-03,己卯(木),木,2,2015-05,辛巳(火),6.479078
801030.SI,4,2020-06,壬午(火),火,1,2020-07,癸未(土),6.458298
801030.SI,5,2015-02,戊寅(木),木,3,2015-05,辛巳(火),6.272465
801030.SI,6,2019-01,乙丑(土),土,1,2019-02,丙寅(木),6.236767
801030.SI,7,2015-02,戊寅(木),木,1,2015-03,己卯(木),5.876204
801030.SI,8,2015-09,乙酉(金),金,1,2015-10,丙戌(土),5.801602
801030.SI,9,2015-02,戊寅(木),木,2,2015-04,庚辰(土),5.596044
801030.SI,10,2015-03,己卯(木),木,1,2015-04,庚辰(土),5.327299
801040.SI,1,2014-11,乙亥(水),水,1,2014-12,丙子(水),11.597186
801040.SI,2,2024-08,壬申(金),金,1,2024-09,癸酉(金),9.728931
801040.SI,3,2015-03,己卯(木),木,1,2015-04,庚辰(土),7.861155
801040.SI,4,2015-02,戊寅(木),木,2,2015-04,庚辰(土),7.106651
801040.SI,5,2015-02,戊寅(木),木,1,2015-03,己卯(木),6.416392
801040.SI,6,2021-06,甲午(火),火,1,2021-07,乙未(土),5.990547
801040.SI,7,2021-06,甲午(火),火,2,2021-08,丙申(金),5.980815
801040.SI,8,2021-07,乙未(土),土,1,2021-08,丙申(金),5.971097
801040.SI,9,2014-10,甲戌(土),土,2,2014-12,丙子(水),5.49146
801040.SI,10,2025-06,壬午(火),火,1,2025-07,癸未(土),5.420241
801050.SI,1,2021-06,甲午(火),火,1,2021-07,乙未(土),17.285152
801050.SI,2,2019-01,乙丑(土),土,1,2019-02,丙寅(木),10.656153
801050.SI,3,2021-06,甲午(火),火,2,2021-08,丙申(金),10.543543
801050.SI,4,2025-12,戊子(水),水,1,2026-01,己丑(土),10.524613
801050.SI,5,2017-06,丙午(火),火,1,2017-07,丁未(土),8.425979
801050.SI,6,2020-10,丙戌(土),土,1,2020-11,丁亥(水),8.383191
801050.SI,7,2020-06,壬午(火),火,1,2020-07,癸未(土),8.182711
801050.SI,8,2024-08,壬申(金),金,1,2024-09,癸酉(金),7.566009
801050.SI,9,2025-07,癸未(土),土,1,2025-08,甲申(金),6.990309
801050.SI,10,2025-11,丁亥(水),水,2,2026-01,己丑(土),6.327318
801080.SI,1,2015-04,庚辰(土),土,1,2015-05,辛巳(火),22.56312
801080.SI,2,2019-01,乙丑(土),土,1,2019-02,丙寅(木),19.787228
801080.SI,3,2026-03,辛卯(木),木,1,2026-04,壬辰(土),16.264076
801080.SI,4,2025-07,癸未(土),土,1,2025-08,甲申(金),13.258365
801080.SI,5,2013-04,丙辰(土),土,1,2013-05,丁巳(火),9.212151
801080.SI,6,2015-03,己卯(木),木,2,2015-05,辛巳(火),8.649204
801080.SI,7,2015-02,戊寅(木),木,3,2015-05,辛巳(火),8.520041
801080.SI,8,2015-02,戊寅(木),木,1,2015-03,己卯(木),8.266878
801080.SI,9,2026-03,辛卯(木),木,2,2026-05,癸巳(火),7.324235
801080.SI,10,2020-05,辛巳(火),火,1,2020-06,壬午(火),7.195816
801110.SI,1,2024-08,壬申(金),金,1,2024-09,癸酉(金),9.771691
801110.SI,2,2015-03,己卯(木),木,1,2015-04,庚辰(土),6.765543
801110.SI,3,2015-02,戊寅(木),木,2,2015-04,庚辰(土),5.156406
801110.SI,4,2015-03,己卯(木),木,2,2015-05,辛巳(火),4.660118
801110.SI,5,2015-02,戊寅(木),木,3,2015-05,辛巳(火),4.387384
801110.SI,6,2015-02,戊寅(木),木,1,2015-03,己卯(木),3.880707
801110.SI,7,2015-09,乙酉(金),金,1,2015-10,丙戌(土),3.727457
801110.SI,8,2022-10,庚戌(土),土,1,2022-11,辛亥(水),3.564564
801110.SI,9,2018-12,甲子(水),水,1,2019-01,乙丑(土),3.363333
801110.SI,10,2015-01,丁丑(土),土,3,2015-04,庚辰(土),3.313002
801120.SI,1,2024-08,壬申(金),金,1,2024-09,癸酉(金),13.06393
801120.SI,2,2020-11,丁亥(水),水,1,2020-12,戊子(水),6.277816
801120.SI,3,2020-06,壬午(火),火,1,2020-07,癸未(土),5.775907
801120.SI,4,2018-04,丙辰(土),土,1,2018-05,丁巳(火),5.711988
801120.SI,5,2022-10,庚戌(土),土,1,2022-11,辛亥(水),5.318905
801120.SI,6,2015-03,己卯(木),木,1,2015-04,庚辰(土),5.290287
801120.SI,7,2016-02,庚寅(木),木,1,2016-03,辛卯(木),5.136045
801120.SI,8,2019-02,丙寅(木),木,1,2019-03,丁卯(木),5.071601
801120.SI,9,2020-06,壬午(火),火,2,2020-08,甲申(金),4.149214
801120.SI,10,2019-01,乙丑(土),土,2,2019-03,丁卯(木),4.022087
801130.SI,1,2015-02,戊寅(木),木,1,2015-03,己卯(木),12.237058
801130.SI,2,2015-04,庚辰(土),土,1,2015-05,辛巳(火),11.905729
801130.SI,3,2015-02,戊寅(木),木,3,2015-05,辛巳(火),10.53919
801130.SI,4,2015-02,戊寅(木),木,2,2015-04,庚辰(土),9.91118
801130.SI,5,2015-03,己卯(木),木,2,2015-05,辛巳(火),9.773759
801130.SI,6,2015-03,己卯(木),木,1,2015-04,庚辰(土),7.993981
801130.SI,7,2024-08,壬申(金),金,1,2024-09,癸酉(金),7.685806
801130.SI,8,2015-09,乙酉(金),金,1,2015-10,丙戌(土),6.792294
801130.SI,9,2015-01,丁丑(土),土,3,2015-04,庚辰(土),5.63528
801130.SI,10,2012-11,辛亥(水),水,1,2012-12,壬子(水),5.593916
801140.SI,1,2015-04,庚辰(土),土,1,2015-05,辛巳(火),22.057931
801140.SI,2,2015-03,己卯(木),木,2,2015-05,辛巳(火),12.493226
801140.SI,3,2015-02,戊寅(木),木,3,2015-05,辛巳(火),12.033278
801140.SI,4,2015-02,戊寅(木),木,1,2015-03,己卯(木),11.159885
801140.SI,5,2024-08,壬申(金),金,1,2024-09,癸酉(金),10.869134
801140.SI,6,2015-02,戊寅(木),木,2,2015-04,庚辰(土),8.798742
801140.SI,7,2019-01,乙丑(土),土,1,2019-02,丙寅(木),7.208204
801140.SI,8,2015-03,己卯(木),木,1,2015-04,庚辰(土),6.896074
801140.SI,9,2012-11,辛亥(水),水,1,2012-12,壬子(水),5.927816
801140.SI,10,2016-02,庚寅(木),木,1,2016-03,辛卯(木),5.821177
801150.SI,1,2019-01,乙丑(土),土,1,2019-02,丙寅(木),9.347258
801150.SI,2,2024-08,壬申(金),金,1,2024-09,癸酉(金),9.19006
801150.SI,3,2015-04,庚辰(土),土,1,2015-05,辛巳(火),7.811105
801150.SI,4,2015-02,戊寅(木),木,1,2015-03,己卯(木),7.198292
801150.SI,5,2015-02,戊寅(木),木,3,2015-05,辛巳(火),6.803873
801150.SI,6,2015-03,己卯(木),木,2,2015-05,辛巳(火),6.613838
801150.SI,7,2015-02,戊寅(木),木,2,2015-04,庚辰(土),6.344295
801150.SI,8,2015-03,己卯(木),木,1,2015-04,庚辰(土),5.579258
801150.SI,9,2020-05,辛巳(火),火,1,2020-06,壬午(火),5.49907
801150.SI,10,2020-05,辛巳(火),火,2,2020-07,癸未(土),5.090117
801160.SI,1,2015-03,己卯(木),木,1,2015-04,庚辰(土),8.445137
801160.SI,2,2015-02,戊寅(木),木,2,2015-04,庚辰(土),6.119702
801160.SI,3,2014-11,乙亥(水),水,1,2014-12,丙子(水),5.473893
801160.SI,4,2015-03,己卯(木),木,2,2015-05,辛巳(火),4.87438
801160.SI,5,2021-08,丙申(金),金,1,2021-09,丁酉(金),4.870289
801160.SI,6,2015-02,戊寅(木),木,3,2015-05,辛巳(火),4.700065
801160.SI,7,2019-01,乙丑(土),土,1,2019-02,丙寅(木),4.462754
801160.SI,8,2021-02,庚寅(木),木,1,2021-03,辛卯(木),4.418478
801160.SI,9,2015-02,戊寅(木),木,1,2015-03,己卯(木),4.366799
801160.SI,10,2021-07,乙未(土),土,2,2021-09,丁酉(金),3.681449
801170.SI,1,2015-03,己卯(木),木,1,2015-04,庚辰(土),16.669334
801170.SI,2,2015-02,戊寅(木),木,2,2015-04,庚辰(土),11.884659
801170.SI,3,2013-07,己未(土),土,1,2013-08,庚申(金),10.200264
801170.SI,4,2015-02,戊寅(木),木,1,2015-03,己卯(木),8.395625
801170.SI,5,2015-01,丁丑(土),土,3,2015-04,庚辰(土),5.786668
801170.SI,6,2015-02,戊寅(木),木,3,2015-05,辛巳(火),5.552606
801170.SI,7,2024-08,壬申(金),金,1,2024-09,癸酉(金),5.155698
801170.SI,8,2014-08,壬申(金),金,1,2014-09,癸酉(金),4.67977
801170.SI,9,2019-01,乙丑(土),土,1,2019-02,丙寅(木),4.54157
801170.SI,10,2015-03,己卯(木),木,2,2015-05,辛巳(火),4.472153
801180.SI,1,2024-08,壬申(金),金,1,2024-09,癸酉(金),39.813376
801180.SI,2,2022-10,庚戌(土),土,1,2022-11,辛亥(水),17.978246
801180.SI,3,2012-11,辛亥(水),水,1,2012-12,壬子(水),9.193184
801180.SI,4,2015-02,戊寅(木),木,1,2015-03,己卯(木),7.398051
801180.SI,5,2024-08,壬申(金),金,2,2024-10,甲戌(土),6.65343
801180.SI,6,2015-02,戊寅(木),木,2,2015-04,庚辰(土),6.248839
801180.SI,7,2015-03,己卯(木),木,1,2015-04,庚辰(土),5.256889
801180.SI,8,2015-09,乙酉(金),金,1,2015-10,丙戌(土),5.116514
801180.SI,9,2014-11,乙亥(水),水,1,2014-12,丙子(水),4.697073
801180.SI,10,2014-10,甲戌(土),土,2,2014-12,丙子(水),4.321678
801200.SI,1,2024-08,壬申(金),金,1,2024-09,癸酉(金),15.033245
801200.SI,2,2015-02,戊寅(木),木,1,2015-03,己卯(木),12.176857
801200.SI,3,2015-02,戊寅(木),木,2,2015-04,庚辰(土),7.197532
801200.SI,4,2015-02,戊寅(木),木,3,2015-05,辛巳(火),7.116062
801200.SI,5,2015-04,庚辰(土),土,1,2015-05,辛巳(火),6.955544
801200.SI,6,2019-01,乙丑(土),土,1,2019-02,丙寅(木),6.043017
801200.SI,7,2013-07,己未(土),土,1,2013-08,庚申(金),5.560994
801200.SI,8,2015-09,乙酉(金),金,1,2015-10,丙戌(土),5.50775
801200.SI,9,2015-03,己卯(木),木,2,2015-05,辛巳(火),5.3696
801200.SI,10,2013-07,己未(土),土,2,2013-09,辛酉(金),5.355542
801210.SI,1,2020-06,壬午(火),火,1,2020-07,癸未(土),62.813133
801210.SI,2,2020-05,辛巳(火),火,2,2020-07,癸未(土),30.000998
801210.SI,3,2024-08,壬申(金),金,1,2024-09,癸酉(金),16.883653
801210.SI,4,2015-02,戊寅(木),木,1,2015-03,己卯(木),14.074123
801210.SI,5,2020-05,辛巳(火),火,1,2020-06,壬午(火),14.060566
801210.SI,6,2020-11,丁亥(水),水,1,2020-12,戊子(水),13.525813
801210.SI,7,2020-04,庚辰(土),土,3,2020-07,癸未(土),11.773805
801210.SI,8,2020-03,己卯(木),木,1,2020-04,庚辰(土),9.566319
801210.SI,9,2015-04,庚辰(土),土,1,2015-05,辛巳(火),8.477618
801210.SI,10,2015-02,戊寅(木),木,3,2015-05,辛巳(火),7.77633
801230.SI,1,2024-08,壬申(金),金,1,2024-09,癸酉(金),13.778005
801230.SI,2,2015-04,庚辰(土),土,1,2015-05,辛巳(火),13.331342
801230.SI,3,2019-01,乙丑(土),土,1,2019-02,丙寅(木),10.945852
801230.SI,4,2025-07,癸未(土),土,1,2025-08,甲申(金),9.760774
801230.SI,5,2015-03,己卯(木),木,2,2015-05,辛巳(火),8.359728
801230.SI,6,2015-02,戊寅(木),木,3,2015-05,辛巳(火),7.484397
801230.SI,7,2026-01,己丑(土),土,1,2026-02,庚寅(木),6.593243
801230.SI,8,2019-01,乙丑(土),土,2,2019-03,丁卯(木),6.571792
801230.SI,9,2024-08,壬申(金),金,2,2024-10,甲戌(土),6.08233
801230.SI,10,2015-02,戊寅(木),木,1,2015-03,己卯(木),5.971666
801710.SI,1,2020-06,壬午(火),火,1,2020-07,癸未(土),12.111446
801710.SI,2,2024-08,壬申(金),金,1,2024-09,癸酉(金),10.87551
801710.SI,3,2022-10,庚戌(土),土,1,2022-11,辛亥(水),8.380388
801710.SI,4,2015-02,戊寅(木),木,1,2015-03,己卯(木),8.192334
801710.SI,5,2015-02,戊寅(木),木,2,2015-04,庚辰(土),5.520399
801710.SI,6,2016-02,庚寅(木),木,1,2016-03,辛卯(木),4.965508
801710.SI,7,2015-02,戊寅(木),木,3,2015-05,辛巳(火),4.954321
801710.SI,8,2019-01,乙丑(土),土,1,2019-02,丙寅(木),4.858933
801710.SI,9,2019-11,乙亥(水),水,1,2019-12,丙子(水),4.012668
801710.SI,10,2015-04,庚辰(土),土,1,2015-05,辛巳(火),3.965332
801720.SI,1,2014-11,乙亥(水),水,1,2014-12,丙子(水),40.554376
801720.SI,2,2015-03,己卯(木),木,1,2015-04,庚辰(土),27.454736
801720.SI,3,2015-02,戊寅(木),木,2,2015-04,庚辰(土),18.598662
801720.SI,4,2015-02,戊寅(木),木,1,2015-03,己卯(木),12.498897
801720.SI,5,2014-10,甲戌(土),土,2,2014-12,丙子(水),12.473854
801720.SI,6,2015-01,丁丑(土),土,3,2015-04,庚辰(土),9.801951
801720.SI,7,2024-08,壬申(金),金,1,2024-09,癸酉(金),6.721432
801720.SI,8,2015-02,戊寅(木),木,3,2015-05,辛巳(火),5.934664
801720.SI,9,2014-10,甲戌(土),土,6,2015-04,庚辰(土),5.892841
801720.SI,10,2014-09,癸酉(金),金,3,2014-12,丙子(水),5.805488
801730.SI,1,2024-08,壬申(金),金,1,2024-09,癸酉(金),16.795591
801730.SI,2,2015-02,戊寅(木),木,1,2015-03,己卯(木),12.346856
801730.SI,3,2015-04,庚辰(土),土,1,2015-05,辛巳(火),11.576517
801730.SI,4,2015-02,戊寅(木),木,3,2015-05,辛巳(火),9.667861
801730.SI,5,2022-05,乙巳(火),火,1,2022-06,丙午(火),9.041813
801730.SI,6,2025-08,甲申(金),金,1,2025-09,乙酉(金),9.016786
801730.SI,7,2020-06,壬午(火),火,1,2020-07,癸未(土),9.005285
801730.SI,8,2015-02,戊寅(木),木,2,2015-04,庚辰(土),8.825074
801730.SI,9,2015-03,己卯(木),木,2,2015-05,辛巳(火),8.537324
801730.SI,10,2020-11,丁亥(水),水,1,2020-12,戊子(水),7.86018
801740.SI,1,2015-04,庚辰(土),土,1,2015-05,辛巳(火),23.7926
801740.SI,2,2015-03,己卯(木),木,2,2015-05,辛巳(火),17.980897
801740.SI,3,2020-06,壬午(火),火,1,2020-07,癸未(土),17.975929
801740.SI,4,2015-03,己卯(木),木,1,2015-04,庚辰(土),13.531532
801740.SI,5,2015-02,戊寅(木),木,3,2015-05,辛巳(火),10.446067
801740.SI,6,2019-01,乙丑(土),土,1,2019-02,丙寅(木),10.130571
801740.SI,7,2015-09,乙酉(金),金,1,2015-10,丙戌(土),8.384312
801740.SI,8,2014-08,壬申(金),金,1,2014-09,癸酉(金),8.241416
801740.SI,9,2024-08,壬申(金),金,1,2024-09,癸酉(金),7.610376
801740.SI,10,2015-02,戊寅(木),木,2,2015-04,庚辰(土),6.777202
801750.SI,1,2024-08,壬申(金),金,1,2024-09,癸酉(金),35.422021
801750.SI,2,2015-04,庚辰(土),土,1,2015-05,辛巳(火),34.224792
801750.SI,3,2015-02,戊寅(木),木,1,2015-03,己卯(木),18.613459
801750.SI,4,2019-01,乙丑(土),土,1,2019-02,丙寅(木),18.310016
801750.SI,5,2015-02,戊寅(木),木,3,2015-05,辛巳(火),14.375623
801750.SI,6,2015-03,己卯(木),木,2,2015-05,辛巳(火),12.613568
801750.SI,7,2024-08,壬申(金),金,2,2024-10,甲戌(土),12.57269
801750.SI,8,2015-09,乙酉(金),金,1,2015-10,丙戌(土),11.991082
801750.SI,9,2015-01,丁丑(土),土,2,2015-03,己卯(木),10.995351
801750.SI,10,2014-12,丙子(水),水,3,2015-03,己卯(木),9.186817
801760.SI,1,2024-08,壬申(金),金,1,2024-09,癸酉(金),16.354156
801760.SI,2,2019-01,乙丑(土),土,1,2019-02,丙寅(木),14.501917
801760.SI,3,2015-03,己卯(木),木,1,2015-04,庚辰(土),13.382672
801760.SI,4,2015-03,己卯(木),木,2,2015-05,辛巳(火),11.147511
801760.SI,5,2023-02,甲寅(木),木,1,2023-03,乙卯(木),10.614502
801760.SI,6,2015-04,庚辰(土),土,1,2015-05,辛巳(火),9.25971
801760.SI,7,2015-02,戊寅(木),木,3,2015-05,辛巳(火),8.897097
801760.SI,8,2015-02,戊寅(木),木,2,2015-04,庚辰(土),8.720625
801760.SI,9,2015-01,丁丑(土),土,3,2015-04,庚辰(土),7.336032
801760.SI,10,2025-12,戊子(水),水,1,2026-01,己丑(土),6.243913
801770.SI,1,2025-07,癸未(土),土,1,2025-08,甲申(金),33.764216
801770.SI,2,2019-01,乙丑(土),土,1,2019-02,丙寅(木),18.100855
801770.SI,3,2015-04,庚辰(土),土,1,2015-05,辛巳(火),17.668026
801770.SI,4,2024-08,壬申(金),金,1,2024-09,癸酉(金),13.001234
801770.SI,5,2015-03,己卯(木),木,2,2015-05,辛巳(火),12.503201
801770.SI,6,2026-03,辛卯(木),木,1,2026-04,壬辰(土),10.120851
801770.SI,7,2025-06,壬午(火),火,2,2025-08,甲申(金),9.882469
801770.SI,8,2015-02,戊寅(木),木,3,2015-05,辛巳(火),9.371184
801770.SI,9,2015-03,己卯(木),木,1,2015-04,庚辰(土),8.767313
801770.SI,10,2015-09,乙酉(金),金,1,2015-10,丙戌(土),8.395438
801780.SI,1,2014-11,乙亥(水),水,1,2014-12,丙子(水),29.629876
801780.SI,2,2014-10,甲戌(土),土,2,2014-12,丙子(水),11.928959
801780.SI,3,2014-09,癸酉(金),金,3,2014-12,丙子(水),5.627529
801780.SI,4,2014-10,甲戌(土),土,1,2014-11,乙亥(水),4.457351
801780.SI,5,2022-10,庚戌(土),土,1,2022-11,辛亥(水),3.881425
801780.SI,6,2015-03,己卯(木),木,1,2015-04,庚辰(土),3.299715
801780.SI,7,2024-08,壬申(金),金,1,2024-09,癸酉(金),3.282293
801780.SI,8,2017-12,壬子(水),水,1,2018-01,癸丑(土),3.216078
801780.SI,9,2015-02,戊寅(木),木,2,2015-04,庚辰(土),2.642358
801780.SI,10,2014-10,甲戌(土),土,3,2015-01,丁丑(土),2.565998
801790.SI,1,2014-11,乙亥(水),水,1,2014-12,丙子(水),148.181891
801790.SI,2,2014-10,甲戌(土),土,2,2014-12,丙子(水),61.97294
801790.SI,3,2024-08,壬申(金),金,1,2024-09,癸酉(金),41.33185
801790.SI,4,2014-10,甲戌(土),土,1,2014-11,乙亥(水),25.582256
801790.SI,5,2014-09,癸酉(金),金,3,2014-12,丙子(水),18.347073
801790.SI,6,2019-01,乙丑(土),土,1,2019-02,丙寅(木),10.032954
801790.SI,7,2014-10,甲戌(土),土,3,2015-01,丁丑(土),9.566683
801790.SI,8,2016-02,庚寅(木),木,1,2016-03,辛卯(木),6.975806
801790.SI,9,2024-08,壬申(金),金,2,2024-10,甲戌(土),6.48921
801790.SI,10,2014-09,癸酉(金),金,2,2014-11,乙亥(水),5.967305
801880.SI,1,2024-08,壬申(金),金,1,2024-09,癸酉(金),10.379038
801880.SI,2,2022-04,甲辰(土),土,1,2022-05,乙巳(火),6.482026
801880.SI,3,2016-02,庚寅(木),木,1,2016-03,辛卯(木),5.296766
801880.SI,4,2022-04,甲辰(土),土,2,2022-06,丙午(火),5.180788
801880.SI,5,2019-01,乙丑(土),土,1,2019-02,丙寅(木),4.755955
801880.SI,6,2015-04,庚辰(土),土,1,2015-05,辛巳(火),4.507076
801880.SI,7,2022-05,乙巳(火),火,1,2022-06,丙午(火),4.105855
801880.SI,8,2015-09,乙酉(金),金,1,2015-10,丙戌(土),3.990991
801880.SI,9,2015-03,己卯(木),木,2,2015-05,辛巳(火),3.955845
801880.SI,10,2015-02,戊寅(木),木,3,2015-05,辛巳(火),3.953488
801890.SI,1,2015-03,己卯(木),木,1,2015-04,庚辰(土),11.792434
801890.SI,2,2015-02,戊寅(木),木,2,2015-04,庚辰(土),11.270193
801890.SI,3,2015-03,己卯(木),木,2,2015-05,辛巳(火),11.118058
801890.SI,4,2015-02,戊寅(木),木,3,2015-05,辛巳(火),11.000663
801890.SI,5,2015-02,戊寅(木),木,1,2015-03,己卯(木),10.769272
801890.SI,6,2015-04,庚辰(土),土,1,2015-05,辛巳(火),10.479233
801890.SI,7,2024-08,壬申(金),金,1,2024-09,癸酉(金),9.99
801890.SI,8,2019-01,乙丑(土),土,1,2019-02,丙寅(木),7.232288
801890.SI,9,2016-02,庚寅(木),木,1,2016-03,辛卯(木),6.378974
801890.SI,10,2015-01,丁丑(土),土,3,2015-04,庚辰(土),5.37277
801950.SI,1,2010-09,乙酉(金),金,1,2010-10,丙戌(土),23.870347
801950.SI,2,2021-07,乙未(土),土,1,2021-08,丙申(金),17.570664
801950.SI,3,2015-03,己卯(木),木,1,2015-04,庚辰(土),8.487712
801950.SI,4,2012-11,辛亥(水),水,1,2012-12,壬子(水),7.380344
801950.SI,5,2010-06,壬午(火),火,1,2010-07,癸未(土),6.365267
801950.SI,6,2015-02,戊寅(木),木,2,2015-04,庚辰(土),5.128125
801950.SI,7,2021-07,乙未(土),土,2,2021-09,丁酉(金),4.735218
801950.SI,8,2022-01,辛丑(土),土,1,2022-02,壬寅(木),4.655286
801950.SI,9,2020-10,丙戌(土),土,1,2020-11,丁亥(水),4.591998
801950.SI,10,2024-08,壬申(金),金,1,2024-09,癸酉(金),4.160355
801960.SI,1,2015-03,己卯(木),木,1,2015-04,庚辰(土),11.053902
801960.SI,2,2015-02,戊寅(木),木,2,2015-04,庚辰(土),5.622807
801960.SI,3,2020-10,丙戌(土),土,1,2020-11,丁亥(水),5.242147
801960.SI,4,2025-12,戊子(水),水,1,2026-01,己丑(土),5.126367
801960.SI,5,2010-06,壬午(火),火,1,2010-07,癸未(土),3.720932
801960.SI,6,2022-04,甲辰(土),土,1,2022-05,乙巳(火),3.536745
801960.SI,7,2012-11,辛亥(水),水,1,2012-12,壬子(水),3.489505
801960.SI,8,2019-01,乙丑(土),土,1,2019-02,丙寅(木),3.271245
801960.SI,9,2020-06,壬午(火),火,1,2020-07,癸未(土),3.260811
801960.SI,10,2015-01,丁丑(土),土,3,2015-04,庚辰(土),3.097074
801970.SI,1,2019-01,乙丑(土),土,1,2019-02,丙寅(木),10.797939
801970.SI,2,2013-04,丙辰(土),土,1,2013-05,丁巳(火),10.543805
801970.SI,3,2024-08,壬申(金),金,1,2024-09,癸酉(金),8.280651
801970.SI,4,2015-09,乙酉(金),金,1,2015-10,丙戌(土),7.80132
801970.SI,5,2012-11,辛亥(水),水,1,2012-12,壬子(水),7.044097
801970.SI,6,2015-04,庚辰(土),土,1,2015-05,辛巳(火),6.97315
801970.SI,7,2015-03,己卯(木),木,2,2015-05,辛巳(火),6.24182
801970.SI,8,2015-02,戊寅(木),木,3,2015-05,辛巳(火),6.123488
801970.SI,9,2015-02,戊寅(木),木,1,2015-03,己卯(木),5.892594
801970.SI,10,2015-02,戊寅(木),木,2,2015-04,庚辰(土),5.73324
801980.SI,1,2024-08,壬申(金),金,1,2024-09,癸酉(金),27.036011
801980.SI,2,2021-03,辛卯(木),木,1,2021-04,壬辰(土),10.781813
801980.SI,3,2019-01,乙丑(土),土,1,2019-02,丙寅(木),6.602791
801980.SI,4,2015-02,戊寅(木),木,1,2015-03,己卯(木),6.029597
801980.SI,5,2020-04,庚辰(土),土,1,2020-05,辛巳(火),5.461205
801980.SI,6,2019-01,乙丑(土),土,2,2019-03,丁卯(木),4.342205
801980.SI,7,2020-04,庚辰(土),土,2,2020-06,壬午(火),4.057584
801980.SI,8,2024-01,乙丑(土),土,1,2024-02,丙寅(木),4.038816
801980.SI,9,2015-02,戊寅(木),木,2,2015-04,庚辰(土),3.829483
801980.SI,10,2021-03,辛卯(木),木,2,2021-05,癸巳(火),3.798206
