week_number,week_start,week_end,week_return,week_tg_wuxing,week_dz_wuxing,week_tg_mode,week_volatility,week_abs_return
2018-W24,2018-06-11,2018-06-15,0.3812327947203964,木,土,木,0.1204304734054745,0.1491663420780041
2018-W25,2018-06-19,2018-06-22,0.132351451484674,水,火,木,0.07676119447735229,0.08602859780564238
2018-W26,2018-06-25,2018-06-29,0.039254065571612685,土,水,土,0.06091906116185628,0.049192729006169104
2018-W27,2018-07-02,2018-07-06,0.012493064247466405,木,土,土,0.03881428469571878,0.032042988835344996
2018-W28,2018-07-09,2018-07-13,0.1448230960271858,水,木,木,0.04760713379341747,0.04073510098283142
2018-W29,2018-07-16,2018-07-20,0.08046436626466108,土,金,水,0.043047651114621464,0.026773095016996828
2018-W30,2018-07-23,2018-07-27,-0.1529665470660417,火,土,土,0.050902830740121766,0.04971094463033523
2018-W31,2018-07-30,2018-08-03,-0.09909090264423089,水,水,木,0.03357556868912034,0.028245416240938293
2018-W32,2018-08-06,2018-08-10,0.06651073154823516,金,火,水,0.03409894229526324,0.025944208968741868
2018-W33,2018-08-13,2018-08-17,-0.08234233668831482,火,土,土,0.015626410335697224,0.017627109850597934
2018-W34,2018-08-20,2018-08-24,-0.002177859300012927,木,金,木,0.020758712711181317,0.015869720935864338
2018-W35,2018-08-27,2018-08-31,-0.07299503027188521,金,木,木,0.043420166455737624,0.03364257297489548
2018-W36,2018-09-03,2018-09-07,0.000948017135308661,土,土,土,0.028391169727668752,0.02286483919545975
2018-W37,2018-09-10,2018-09-14,0.07154327035154126,木,火,土,0.023955438933758417,0.020629866841486436
2018-W38,2018-09-17,2018-09-21,0.0825148073823229,水,水,木,0.027111721079908828,0.023262342552477503
2018-W39,2018-09-25,2018-09-28,0.06611053235570427,金,金,水,0.03498426888383481,0.021992229800396643
2018-W41,2018-10-08,2018-10-12,-0.08519352036503644,水,金,木,0.04764078330805263,0.04554726367924183
2018-W42,2018-10-15,2018-10-19,0.06467408678544344,金,土,水,0.05394931186967682,0.04516613895675508
2018-W43,2018-10-22,2018-10-26,-0.05857236756389303,火,水,土,0.05968771601119635,0.045479421074683835
2018-W44,2018-10-29,2018-11-02,0.10354994596552307,木,火,木,0.0498959207945408,0.03876220776300907
2018-W45,2018-11-05,2018-11-09,-0.02087386467767849,金,土,木,0.024310301504988634,0.019586240752489385
2018-W46,2018-11-12,2018-11-16,-0.03844743863352776,土,金,土,0.03603318446028045,0.02308407488399066
2018-W47,2018-11-19,2018-11-23,-0.07007366056811005,木,木,土,0.023037918627876155,0.0204219314835175
2018-W48,2018-11-26,2018-11-30,0.06999299658594287,水,土,木,0.018114762977220113,0.01903960575180481
2018-W49,2018-12-03,2018-12-07,-0.014326000226946412,土,火,水,0.019283964998054348,0.015492276662795793
2018-W50,2018-12-10,2018-12-14,0.013322534166361182,火,水,土,0.026969922550423762,0.019961406462346842
2018-W51,2018-12-17,2018-12-21,-0.020926012548191885,水,土,木,0.01674973332685217,0.012196582403397152
2018-W52,2018-12-24,2018-12-28,-0.05573463652224307,金,木,水,0.009746017717688672,0.012347978636387216
2019-W01,2019-01-02,2019-01-04,0.04382589534053169,土,水,金,0.02394707126310966,0.015241571976679748
2019-W02,2019-01-07,2019-01-11,-0.02789782128747109,木,土,木,0.01926330244696122,0.016519920881668215
2019-W03,2019-01-14,2019-01-18,-0.00897814322322442,金,水,木,0.013679407601913796,0.010608723649356935
2019-W04,2019-01-21,2019-01-25,0.028820438535491884,土,火,土,0.017122017917203042,0.012813472178294191
2019-W05,2019-01-28,2019-02-01,0.030169958347152553,木,土,土,0.0177734460026613,0.012535836761050906
2019-W07,2019-02-11,2019-02-15,0.017378971238232576,土,木,水,0.02604532138206237,0.02101026986385369
2019-W08,2019-02-18,2019-02-22,-0.001066161328262001,火,土,土,0.018951266507002084,0.015088134808643147
2019-W09,2019-02-25,2019-03-01,-0.014226873541209249,水,火,木,0.04539581040760398,0.03676273159018855
2019-W10,2019-03-04,2019-03-08,-0.08372049466720378,金,水,水,0.026200682908307286,0.022827416433686375
2019-W11,2019-03-11,2019-03-15,0.02149168514574938,火,土,土,0.027807928618087722,0.024477328111254103
2019-W12,2019-03-18,2019-03-22,-0.030708656619166334,木,木,木,0.0056643832786785414,0.007370030645456142
2019-W13,2019-03-25,2019-03-29,-0.04598511324182338,金,金,木,0.029417950864318806,0.023272091657287164
2019-W14,2019-04-01,2019-04-04,-0.02557024136920279,土,土,土,0.013270744658350457,0.010331947367893477
2019-W15,2019-04-08,2019-04-12,-0.0037742785414301037,木,水,土,0.020876917889893824,0.01926630614753639
2019-W16,2019-04-15,2019-04-19,0.027168632129139947,水,火,木,0.027548910210108617,0.02166432665382605
2019-W17,2019-04-22,2019-04-26,-0.023416190090444534,土,土,水,0.022905107720730233,0.018892770748481523
2019-W18,2019-04-29,2019-04-30,-0.0002507208236776193,火,金,火,0.003998773932722573,0.0028275601642601305
2019-W19,2019-05-06,2019-05-10,-0.021362628141361962,水,木,木,0.02719288016131657,0.023142795915790538
2019-W20,2019-05-13,2019-05-17,0.009176927584447818,金,土,水,0.029468296161872593,0.023563045821768887
2019-W21,2019-05-20,2019-05-24,-0.02675744916954942,火,火,土,0.019190451664649024,0.017385428022793872
2019-W22,2019-05-27,2019-05-31,0.003462207728470791,木,水,木,0.023496847695127637,0.01844673343954876
2019-W23,2019-06-03,2019-06-06,-0.018061186737879764,金,土,水,0.02830866395782212,0.025351617159725625
2019-W24,2019-06-10,2019-06-14,0.06555501616572423,土,木,土,0.01107298495777748,0.015073260686292417
2019-W25,2019-06-17,2019-06-21,-0.040700406581628684,木,金,土,0.007867493635177195,0.008924323558330675
2019-W26,2019-06-24,2019-06-28,0.00029040220909763194,水,土,木,0.011329249670830337,0.0072367446879533625
2019-W27,2019-07-01,2019-07-05,0.01074974990952915,土,水,水,0.0118094013819604,0.010488277237822616
2019-W28,2019-07-08,2019-07-12,0.07036669742066151,火,火,土,0.02402748433309734,0.020419448559346885
2019-W29,2019-07-15,2019-07-19,-0.01587334915629012,水,土,木,0.013163077200377384,0.010259484644850313
2019-W30,2019-07-22,2019-07-26,0.04782532844260309,金,金,水,0.015563283608998732,0.012548249727607205
2019-W31,2019-07-29,2019-08-02,-0.018426422900319667,火,木,土,0.013305474380377992,0.009331953014966813
2019-W32,2019-08-05,2019-08-09,-0.014766017269126169,木,土,木,0.01728458998465027,0.015593221033903093
2019-W33,2019-08-12,2019-08-16,-0.0020465250338128154,金,火,木,0.012044251843223826,0.008711495985115628
2019-W34,2019-08-19,2019-08-23,-0.030648634738444407,土,水,土,0.02358860716725866,0.01606558546090554
2019-W35,2019-08-26,2019-08-30,-0.0068946770641053635,木,土,土,0.01567627557324886,0.014004715948673219
2019-W36,2019-09-02,2019-09-06,-0.01519156408070315,水,木,木,0.01364007053702291,0.008741921551708266
2019-W37,2019-09-09,2019-09-12,0.012903404835907782,土,金,金,0.032452563211131616,0.020497261251054794
2019-W38,2019-09-16,2019-09-20,-0.02428200589692759,火,土,土,0.015297238881335953,0.012807601684902428
2019-W39,2019-09-23,2019-09-27,-0.021184592868277202,水,水,木,0.012922205760169479,0.010615305903809314
2019-W40,2019-09-30,2019-09-30,0.0,金,火,金,,0.0005595971046982757
2019-W41,2019-10-08,2019-10-11,0.016935205757582616,土,木,土,0.020867331729502506,0.016931460186994336
2019-W42,2019-10-14,2019-10-18,-0.010784835624455941,木,金,木,0.011097862148013699,0.00908254870323727
2019-W43,2019-10-21,2019-10-25,0.019622412614953438,金,木,木,0.010797717430302906,0.008633666890006894
2019-W44,2019-10-28,2019-11-01,-0.021122520709283617,土,土,土,0.01224670624716557,0.009793235157857082
2019-W45,2019-11-04,2019-11-08,0.07822605674701125,木,火,土,0.02317836550631536,0.02054323693997214
2019-W46,2019-11-11,2019-11-15,-0.015037877364540672,水,水,木,0.01501558439792979,0.013065790817720215
2019-W47,2019-11-18,2019-11-22,0.09958015274232686,土,土,水,0.02661275710472091,0.023999636132248595
2019-W48,2019-11-25,2019-11-29,0.044805435572627256,火,木,土,0.026389474904461523,0.019894202991843715
2019-W49,2019-12-02,2019-12-06,0.06554260929479895,水,金,木,0.0271968923915164,0.017046766825126458
2019-W50,2019-12-09,2019-12-13,0.0011834957538264727,金,土,水,0.02305735129438699,0.016427438670723042
2019-W51,2019-12-16,2019-12-20,0.0051869578147912205,火,水,土,0.020680375311027552,0.013902978115800144
2019-W52,2019-12-23,2019-12-27,0.11478848349947372,木,火,木,0.036425989260220205,0.027416721927399072
2020-W01,2019-12-30,2020-01-03,-0.004099299750940754,金,土,木,0.035935959839941675,0.029154628622988284
2020-W02,2020-01-06,2020-01-10,0.03795419578280982,土,金,土,0.024765844874579352,0.016523510282894362
2020-W03,2020-01-13,2020-01-17,-0.015691329794675645,木,木,土,0.01777319754785431,0.013174597784974328
2020-W04,2020-01-20,2020-01-23,0.05810043032052772,水,土,木,0.05921111631590572,0.05019404258645569
2020-W06,2020-02-03,2020-02-07,0.16848513877634555,火,水,土,0.06303201559813082,0.06439396430668812
2020-W07,2020-02-10,2020-02-14,-0.09755158616448623,水,土,木,0.03221569583141158,0.028873884472839357
2020-W08,2020-02-17,2020-02-21,0.03694687751383862,金,木,水,0.025330608125196677,0.02199741391035895
2020-W09,2020-02-24,2020-02-28,-0.12938593583555563,火,金,土,0.05290867006176791,0.05168806188433047
2020-W10,2020-03-02,2020-03-06,0.02490340682375208,木,土,木,0.024739335026630154,0.0217082977669347
2020-W11,2020-03-09,2020-03-13,-0.010167664322253462,金,水,木,0.04778252459626724,0.03797164228822232
2020-W12,2020-03-16,2020-03-20,-0.027245002056766002,土,火,土,0.04449655147450856,0.02907639785025689
2020-W13,2020-03-23,2020-03-27,0.09937876031815213,木,土,土,0.05849377788966756,0.042534109060387335
2020-W14,2020-03-30,2020-04-03,0.014065397709032222,水,金,木,0.01712940979613498,0.01232540007699941
2020-W15,2020-04-07,2020-04-10,-0.051335501837171775,金,土,水,0.023976518731777773,0.020363952231605316
2020-W16,2020-04-13,2020-04-17,0.17738305933265588,火,土,土,0.04596801301290607,0.04194511476100883
2020-W17,2020-04-20,2020-04-24,-0.02118786999836143,水,火,木,0.01710198470871459,0.014317407716035574
2020-W18,2020-04-27,2020-04-30,0.07528078020354005,金,水,水,0.016457840202932436,0.022999509247221543
2020-W19,2020-05-06,2020-05-08,-0.011798529249029757,土,金,金,0.015030727285944732,0.011256646445685513
2020-W20,2020-05-11,2020-05-15,0.055542356344454286,木,木,木,0.04340858782933269,0.030188781737322933
2020-W21,2020-05-18,2020-05-22,0.007026941991587166,金,金,木,0.02988962424651177,0.02429253735954532
2020-W22,2020-05-25,2020-05-29,0.008487785145409536,土,土,土,0.024970243200659176,0.019854784701754207
2020-W23,2020-06-01,2020-06-05,0.0016548075925848606,木,水,土,0.018427223657289958,0.014486237720121493
2020-W24,2020-06-08,2020-06-12,0.050863875912654434,水,火,木,0.02718971747539811,0.022019251534925545
2020-W25,2020-06-15,2020-06-19,0.05069070322740611,土,土,水,0.02268162569734541,0.0176952479637045
2020-W26,2020-06-22,2020-06-24,0.03863779270541392,火,金,火,0.014839002362127577,0.014692505333744117
2020-W27,2020-06-29,2020-07-03,-0.020317259228752407,水,木,木,0.01789150912219076,0.013246282707937762
2020-W28,2020-07-06,2020-07-10,0.13697035450060524,金,土,水,0.03996831443168126,0.04140104101642382
2020-W29,2020-07-13,2020-07-17,-0.13555412834546648,火,火,土,0.05992286440524019,0.04601229070251081
2020-W30,2020-07-20,2020-07-24,-0.0327768337857382,木,水,木,0.045328592856560566,0.031799060139235696
2020-W31,2020-07-27,2020-07-31,0.10354496367881783,金,土,木,0.030795142243430315,0.028279515494352064
2020-W32,2020-08-03,2020-08-07,-0.053884286035279956,土,木,土,0.020837165487868525,0.01616513236894057
2020-W33,2020-08-10,2020-08-14,-0.0015459422103979,木,金,土,0.016183657714510302,0.013246778675270321
2020-W34,2020-08-17,2020-08-21,-0.022580360174009384,水,土,木,0.026746027936241423,0.02167741599193472
2020-W35,2020-08-24,2020-08-28,0.030662147140556154,土,水,水,0.03578174631560114,0.03141707894044408
2020-W36,2020-08-31,2020-09-04,-0.010180064048637937,火,火,土,0.024499286559544274,0.018945051735114057
2020-W37,2020-09-07,2020-09-11,0.004816707198552034,水,土,木,0.04254332393946744,0.024823234200999154
2020-W38,2020-09-14,2020-09-18,0.026868892012967008,金,金,水,0.019104845064752515,0.016932565072736112
2020-W39,2020-09-21,2020-09-25,-0.03302562421194306,火,木,土,0.017892081874385107,0.013289364034010081
2020-W40,2020-09-28,2020-09-30,0.0810669732909699,木,土,木,0.027848850603515666,0.029467641190022324
2020-W41,2020-10-09,2020-10-09,0.0,木,金,木,,0.07223172525797385
2020-W42,2020-10-12,2020-10-16,-0.02886477616003379,土,水,土,0.031369882567545755,0.020854086517709532
2020-W43,2020-10-19,2020-10-23,-0.019410393519823266,木,土,土,0.03576816151353245,0.02573648012531144
2020-W44,2020-10-26,2020-10-30,0.05839433574127834,水,木,木,0.01439402389736457,0.019228290138732704
2020-W45,2020-11-02,2020-11-06,0.012833420345822332,土,金,水,0.03482902962645874,0.02743516515268509
2020-W46,2020-11-09,2020-11-13,-0.050892360977613245,火,土,土,0.02922318266963727,0.017791207288483442
2020-W47,2020-11-16,2020-11-20,-0.011124813933050553,水,水,木,0.03046888087682499,0.02236595143212362
2020-W48,2020-11-23,2020-11-27,-0.04445176257083381,金,火,水,0.01637315377182773,0.012297708073023382
2020-W49,2020-11-30,2020-12-04,0.028102231008200106,火,土,土,0.01025829119239112,0.010330684184204542
2020-W50,2020-12-07,2020-12-11,0.019318050844763877,木,金,木,0.020135469547260938,0.014875307543214497
2020-W51,2020-12-14,2020-12-18,0.08635013084565597,金,木,木,0.02094708146454046,0.019442351306809852
2020-W52,2020-12-21,2020-12-25,-0.03829314347907357,土,土,土,0.058801259246030434,0.038272248471845405
2020-W53,2020-12-28,2020-12-31,0.10289203804849503,木,火,火,0.0529657918688,0.04294575328837621
2021-W01,2021-01-04,2021-01-08,0.0009893644141182717,水,水,木,0.06446120235254796,0.038935588620205144
2021-W02,2021-01-11,2021-01-15,-0.024529164410291474,土,土,水,0.038161948548688075,0.035819780062766655
2021-W03,2021-01-18,2021-01-22,0.06088507239740973,火,木,土,0.043492433794379136,0.0330114371613297
2021-W04,2021-01-25,2021-01-29,-0.1142027288420256,水,金,木,0.025545526785956566,0.033507111556647595
2021-W05,2021-02-01,2021-02-05,0.06390855938735884,金,土,水,0.03570848188556555,0.030731735461998377
2021-W06,2021-02-08,2021-02-10,0.021209131395933938,火,水,土,0.03954636493475932,0.03327996085133616
2021-W07,2021-02-18,2021-02-19,-0.0242204318937887,火,金,土,0.010229923655821972,0.031454080281841094
2021-W08,2021-02-22,2021-02-26,-0.15166044969234543,金,土,木,0.030965689613658923,0.038529357433529234
2021-W09,2021-03-01,2021-03-05,-0.07406332830005707,土,金,土,0.05020952913112596,0.03403286656830851
2021-W10,2021-03-08,2021-03-12,0.11291876523567583,木,木,土,0.04353566842186569,0.038797317664891515
2021-W11,2021-03-15,2021-03-19,0.013358977295197853,水,土,木,0.055799829877739675,0.044202052193534326
2021-W12,2021-03-22,2021-03-26,0.018731840548106584,土,火,水,0.04727942687681064,0.03482114855526527
2021-W13,2021-03-29,2021-04-02,0.06461874898469973,火,水,土,0.01265307818947509,0.014216099388198377
2021-W14,2021-04-06,2021-04-09,-0.0432805083584624,木,金,木,0.010641242446613013,0.01583396879295269
2021-W15,2021-04-12,2021-04-16,0.05805745192981266,金,木,水,0.035009661324285346,0.02784250520453384
2021-W16,2021-04-19,2021-04-23,0.020394996521073124,火,金,土,0.040120820081326926,0.030615126637456847
2021-W17,2021-04-26,2021-04-30,0.10637146579354405,木,土,木,0.04424730613052671,0.034228397196388774
2021-W18,2021-05-06,2021-05-07,-0.04451805264676029,木,木,木,0.023841672952094602,0.027659444027502297
2021-W19,2021-05-10,2021-05-14,-0.025331039094529894,土,火,土,0.019138337861481523,0.014472515472831288
2021-W20,2021-05-17,2021-05-21,0.006383994970577651,木,土,土,0.019712426116496092,0.01572630599474811
2021-W21,2021-05-24,2021-05-28,0.05427883219995621,水,金,木,0.03453828008016889,0.029180874394503998
2021-W22,2021-05-31,2021-06-04,-0.004363341064056661,土,木,水,0.03690521603891721,0.02895676675136636
2021-W23,2021-06-07,2021-06-11,0.10359699838474107,火,土,土,0.04530282727379584,0.032708436105182905
2021-W24,2021-06-15,2021-06-18,0.011173300598125255,木,火,木,0.04428241923062887,0.035379783009765256
2021-W25,2021-06-21,2021-06-25,0.05045040391947712,金,水,水,0.01848711936268691,0.014590624119660112
2021-W26,2021-06-28,2021-07-02,0.05070697149114901,火,土,土,0.030230747081552992,0.02896894412187954
2021-W27,2021-07-05,2021-07-09,0.04997519226349605,木,木,木,0.03048448691327186,0.022764673538545055
2021-W28,2021-07-12,2021-07-16,-0.06346096337955494,金,金,木,0.041867589656667384,0.031743086756490714
2021-W29,2021-07-19,2021-07-23,0.04393005347993339,土,土,土,0.027659297019149726,0.01892771784000264
2021-W30,2021-07-26,2021-07-30,0.01948363748116665,木,水,土,0.06067099376877668,0.04582369801488603
2021-W31,2021-08-02,2021-08-06,-0.014819411989610011,水,火,木,0.042673928524711274,0.03119179948327112
2021-W32,2021-08-09,2021-08-13,-0.027407049156117406,土,土,水,0.025841363049498467,0.021299893854267306
2021-W33,2021-08-16,2021-08-20,0.03524167357661398,火,金,土,0.03213299508155645,0.024417782056657213
2021-W34,2021-08-23,2021-08-27,-0.02797928773342506,水,木,木,0.031791438666189956,0.022880918619099716
2021-W35,2021-08-30,2021-09-03,-0.037796662279714795,金,土,水,0.01171476507550647,0.01235339880012796
2021-W36,2021-09-06,2021-09-10,-0.027501242114021603,火,火,土,0.031408009288227325,0.020639070337839415
2021-W37,2021-09-13,2021-09-17,0.0003976933836469129,木,水,木,0.03804519385434821,0.02519346640144121
2021-W38,2021-09-22,2021-09-24,0.013430317947969112,水,金,木,0.016807025169880443,0.011393495999764325
2021-W39,2021-09-27,2021-09-30,0.02353774359666219,土,木,土,0.030571683543901478,0.025446069103045758
2021-W40,2021-10-08,2021-10-08,0.0,土,土,土,,0.015608065994919828
2021-W41,2021-10-11,2021-10-15,0.0881303923729639,水,土,木,0.04096221585319909,0.03503188290716123
2021-W42,2021-10-18,2021-10-22,0.010665252128339976,土,水,水,0.020289665652570784,0.014804086665084754
2021-W43,2021-10-25,2021-10-29,0.04552822684926473,火,火,土,0.029741351387459685,0.025787884536851935
2021-W44,2021-11-01,2021-11-05,-0.024781462691270954,水,土,木,0.02059094981367986,0.01745255667972983
2021-W45,2021-11-08,2021-11-12,-0.03042176528609822,金,金,水,0.026952146572854392,0.020651381262920942
2021-W46,2021-11-15,2021-11-19,0.030184976338397666,火,木,土,0.021827185812735215,0.01595738780807841
2021-W47,2021-11-22,2021-11-26,-0.03435737482419521,木,土,木,0.03369654696667047,0.022042077266481958
2021-W48,2021-11-29,2021-12-03,0.010535654960333804,金,火,木,0.01861627139390284,0.013941473522605293
2021-W49,2021-12-06,2021-12-10,-0.02672005899833779,土,水,土,0.02868845477314083,0.024360768272939665
2021-W50,2021-12-13,2021-12-17,-0.010950435870801559,木,土,土,0.015818176957143264,0.01158010346469102
2021-W51,2021-12-20,2021-12-24,-0.05630757424703258,水,木,木,0.043487984663287585,0.036006191003096696
2021-W52,2021-12-27,2021-12-31,0.016115555356592245,土,金,水,0.01539778902677199,0.011718804734347017
2022-W01,2022-01-04,2022-01-07,-0.05228557835102119,火,火,土,0.017033786296822086,0.021335752668596414
2022-W02,2022-01-10,2022-01-14,0.06993348889831663,水,水,木,0.023638098013812517,0.01583644679919222
2022-W03,2022-01-17,2022-01-21,-0.0635404200818103,金,火,水,0.03321487884482211,0.022910297056267803
2022-W04,2022-01-24,2022-01-28,0.01978609013963546,火,土,土,0.03008506977131676,0.027303693171384303
2022-W06,2022-02-07,2022-02-11,-0.16767713715391314,金,木,木,0.03261642677087793,0.042688490876525174
2022-W07,2022-02-14,2022-02-18,0.037667417771739604,土,土,土,0.021656855200582022,0.020399929141726784
2022-W08,2022-02-21,2022-02-25,0.03619956281910508,木,火,土,0.03271038103300073,0.02752658803400813
2022-W09,2022-02-28,2022-03-04,-0.08114482220332996,水,水,木,0.025708627307071335,0.0200555533076531
2022-W10,2022-03-07,2022-03-11,0.08156853938293944,土,土,水,0.04720363746609025,0.03191294080169131
2022-W11,2022-03-14,2022-03-18,0.09766358351848627,火,木,土,0.05733659051796996,0.043134056151882434
2022-W12,2022-03-21,2022-03-25,-0.03508925937383239,水,金,木,0.01616944129927206,0.01248708819049477
2022-W13,2022-03-28,2022-04-01,0.0634470632911041,金,土,水,0.03577799173123756,0.024064039327897708
2022-W14,2022-04-06,2022-04-08,-0.026258274697709957,土,土,金,0.013453905944961805,0.015717807935001205
2022-W15,2022-04-11,2022-04-15,-0.017893340034558475,木,火,木,0.03696367950202782,0.029851688718544822
2022-W16,2022-04-18,2022-04-22,-0.08236987758784542,金,土,木,0.037616021806468905,0.02464978000180259
2022-W17,2022-04-25,2022-04-29,0.048167419309846436,土,金,土,0.06396930222154557,0.05552359625888775
2022-W18,2022-05-05,2022-05-06,-2.6596098353868006e-05,土,火,土,0.06007211258224109,0.04250399426545827
2022-W19,2022-05-09,2022-05-13,0.11835576472598107,水,土,木,0.03969448566707854,0.03383389890705522
2022-W20,2022-05-16,2022-05-20,0.04771203859858947,土,火,水,0.02247409827411417,0.016718363408400744
2022-W21,2022-05-23,2022-05-27,-0.055000915699927426,火,水,土,0.01812618902525188,0.020314131370236292
2022-W22,2022-05-30,2022-06-02,0.0835209720498612,水,土,木,0.011427599309327042,0.025527450425553783
2022-W23,2022-06-06,2022-06-10,-0.026066976626577563,金,木,水,0.05213910416814342,0.03949260614930383
2022-W24,2022-06-13,2022-06-17,0.09269458522792762,火,金,土,0.0372008966003634,0.029155751805107728
2022-W25,2022-06-20,2022-06-24,0.10660352389742339,木,土,木,0.0272153089658371,0.030237101999606043
2022-W26,2022-06-27,2022-07-01,-0.04920555097703571,金,水,木,0.011760481516449036,0.01615001932022367
2022-W27,2022-07-04,2022-07-08,0.03575169096384288,土,火,土,0.026415023525581383,0.015425388096968792
2022-W28,2022-07-11,2022-07-15,0.027581396496262577,木,土,土,0.04985546748017104,0.042509683029319165
2022-W29,2022-07-18,2022-07-22,-0.03628842513624485,水,金,木,0.032580264004602295,0.0235555954625817
2022-W30,2022-07-25,2022-07-29,-0.025526692969290804,土,木,水,0.009130244719395726,0.009498382550811788
2022-W31,2022-08-01,2022-08-05,-0.0562724726564164,火,土,土,0.033900552766941996,0.0251208645284419
2022-W32,2022-08-08,2022-08-12,0.000996512289739076,水,火,木,0.016322636929100347,0.014143087786164923
2022-W33,2022-08-15,2022-08-19,0.030342944186962893,金,水,水,0.026327681134109764,0.022730799162117742
2022-W34,2022-08-22,2022-08-26,-0.08461924994375432,火,土,土,0.036051629256368845,0.0280029988135366
2022-W35,2022-08-29,2022-09-02,-0.0738567012425234,木,木,木,0.011378766490763496,0.016666713183989965
2022-W36,2022-09-05,2022-09-09,-0.035068443897090386,金,金,木,0.035723993923515454,0.02644628386131025
2022-W37,2022-09-13,2022-09-16,-0.10832927525863444,土,火,金,0.02945746278234042,0.029661730783047173
2022-W38,2022-09-19,2022-09-23,0.008832682783478998,木,水,土,0.011425526047680875,0.00930968064720567
2022-W39,2022-09-26,2022-09-30,-0.06697698844790721,水,火,木,0.0283477853086618,0.02134349605618766
2022-W41,2022-10-10,2022-10-14,0.10627390992216652,火,金,土,0.03583788161743061,0.030663581790360588
2022-W42,2022-10-17,2022-10-21,-0.038824844157461014,水,木,木,0.017346256040431197,0.013105608295589332
2022-W43,2022-10-24,2022-10-28,-0.10019810249648221,金,土,水,0.025410355455480184,0.02443626275423991
2022-W44,2022-10-31,2022-11-04,0.08114783508183081,火,火,土,0.026366352443394536,0.02783984625573093
2022-W45,2022-11-07,2022-11-11,-0.019730522709419756,木,水,木,0.031728662919719965,0.024389654711497753
2022-W46,2022-11-14,2022-11-18,-0.016641659107607804,金,土,木,0.028111415707397152,0.026271880641212046
2022-W47,2022-11-21,2022-11-25,-0.027035836969095773,土,木,土,0.012622331738502994,0.011043503375187327
2022-W48,2022-11-28,2022-12-02,0.0566151777905316,木,金,土,0.01594356657755547,0.01576632810781036
2022-W49,2022-12-05,2022-12-09,0.07909520568263506,水,土,木,0.017426448460254672,0.01603837575854288
2022-W50,2022-12-12,2022-12-16,0.008794328388519837,土,水,水,0.03155602160779934,0.023953865468499362
2022-W51,2022-12-19,2022-12-23,-0.05354933023776807,火,火,土,0.011459870484205372,0.011850122711398571
2022-W52,2022-12-26,2022-12-30,-0.026339095047077175,水,土,木,0.013507356848858924,0.007979724966541894
2023-W01,2023-01-03,2023-01-06,0.06704730559748087,金,金,水,0.03416927499849624,0.026452774293297107
2023-W02,2023-01-09,2023-01-13,0.053511188298360005,火,木,土,0.017329229444334786,0.014582859784682004
2023-W03,2023-01-16,2023-01-20,0.011951668477154289,木,土,木,0.00864700905500618,0.008069349355903695
2023-W05,2023-01-30,2023-02-03,-0.03118340814294153,土,水,土,0.028879168521938125,0.024175067303440205
2023-W06,2023-02-06,2023-02-10,-0.010373189885927732,木,土,土,0.011117862299054987,0.009681601241110352
2023-W07,2023-02-13,2023-02-17,-0.0905194995467596,水,木,木,0.030244647981406338,0.024307830183536765
2023-W08,2023-02-20,2023-02-24,-0.03649889921149917,土,金,水,0.011668378386088711,0.011089287756723232
2023-W09,2023-02-27,2023-03-03,0.0030370190877020047,火,土,土,0.017808535301680466,0.013550766617096154
2023-W10,2023-03-06,2023-03-10,-0.006460272280960203,水,水,木,0.016231842352250683,0.013051433469082538
2023-W11,2023-03-13,2023-03-17,-0.04172588930464712,金,火,水,0.014286571583290974,0.016054569937578853
2023-W12,2023-03-20,2023-03-24,0.03524468576314962,火,土,土,0.018083452224421488,0.014820957501971783
2023-W13,2023-03-27,2023-03-31,0.023800263653517197,木,金,木,0.011626017132014303,0.01026226909728559
2023-W14,2023-04-03,2023-04-04,-0.027228995964423373,金,木,水,0.006354787609743879,0.022735482552573225
2023-W15,2023-04-10,2023-04-14,-0.011810471324535738,土,土,土,0.021404294506727477,0.017363281345816294
2023-W16,2023-04-17,2023-04-21,-0.00711063805234706,木,火,土,0.024553631553072885,0.018097168773331847
2023-W17,2023-04-24,2023-04-28,-0.5418658190397956,水,水,木,0.03381375024433762,0.026021232548036993
2023-W18,2023-05-04,2023-05-05,0.00654117067554553,水,土,水,0.021142827093605553,0.01495023641134315
2023-W19,2023-05-08,2023-05-12,0.030591775275348447,火,木,土,0.02435139920254033,0.022219293231717424
2023-W20,2023-05-15,2023-05-19,-0.03540911038995497,水,金,木,0.015317951767624028,0.010202380246755951
2023-W21,2023-05-22,2023-05-26,-0.045755260474278005,金,土,水,0.010389260880590789,0.009411751675544467
2023-W22,2023-05-29,2023-06-02,0.05109978077879322,火,水,土,0.02313956291556027,0.01976043089932208
2023-W23,2023-06-05,2023-06-09,-0.0359431058499157,木,火,木,0.03129894693762136,0.023942898206559923
2023-W24,2023-06-12,2023-06-16,0.08650011948168893,金,土,木,0.03445620498181559,0.017384931560529594
2023-W25,2023-06-19,2023-06-21,-0.01311885242911442,土,金,土,0.008295754843797517,0.009401034593915536
2023-W26,2023-06-26,2023-06-30,0.015948879785219944,木,木,土,0.014820878604877205,0.010031686491256886
2023-W27,2023-07-03,2023-07-07,-0.033754559245526755,水,土,木,0.006955842679230316,0.007701488125655767
2023-W28,2023-07-10,2023-07-14,-0.0022753138371355394,土,火,水,0.015942077040388226,0.012040149875832299
2023-W29,2023-07-17,2023-07-21,-0.01815629877189656,火,水,土,0.013606197158432856,0.009739461627833795
2023-W30,2023-07-24,2023-07-28,0.04931627515619881,水,土,木,0.016879876952184555,0.012232940242406733
2023-W31,2023-07-31,2023-08-04,0.03211797817705729,金,木,水,0.017033411500869896,0.016811715787826746
2023-W32,2023-08-07,2023-08-11,-0.020451951615897353,火,金,土,0.009911306696524411,0.005940560531380833
2023-W33,2023-08-14,2023-08-18,0.012671628905488737,木,土,木,0.018826321648196438,0.012543828082724875
2023-W34,2023-08-21,2023-08-25,-0.0200310187601401,金,水,木,0.008413028758565205,0.009030372194360295
2023-W35,2023-08-28,2023-09-01,0.025274423095239956,土,火,土,0.016172204840843484,0.01047551777533351
2023-W36,2023-09-04,2023-09-08,-0.06389632609854107,木,土,土,0.014892012518553602,0.013834008725323255
2023-W37,2023-09-11,2023-09-15,-0.06417445314009114,水,金,木,0.01186012648233467,0.01410382192139691
2023-W38,2023-09-18,2023-09-22,-0.010047491303871862,土,木,水,0.018495267669221504,0.015092640363267467
2023-W39,2023-09-25,2023-09-28,-0.030319316894683913,火,土,土,0.009269540397165342,0.009543143376257454
2023-W41,2023-10-09,2023-10-13,-0.025383388205318755,金,水,水,0.01900983625915229,0.015133696301721272
2023-W42,2023-10-16,2023-10-20,-0.02056065429657884,火,土,土,0.01530763573762982,0.013656228808910459
2023-W43,2023-10-23,2023-10-27,0.04122358373598813,木,木,木,0.021596555895033683,0.015319498375447282
2023-W44,2023-10-30,2023-11-03,-0.0030895459508646747,金,金,木,0.013773167069660572,0.012329328404074587
2023-W45,2023-11-06,2023-11-10,-0.04170400505368853,土,土,土,0.02992266295763243,0.01962399271450274
2023-W46,2023-11-13,2023-11-17,-0.03863956717243063,木,水,土,0.011135638276480673,0.010718682910724208
2023-W47,2023-11-20,2023-11-24,-0.02983615628575762,水,火,木,0.010708268656662016,0.008709599310037421
2023-W48,2023-11-27,2023-12-01,-0.030936434983277226,土,土,水,0.016006669717343054,0.014371047722572205
2023-W49,2023-12-04,2023-12-08,0.011929793434637717,火,金,土,0.020052758113918424,0.01637808302681215
2023-W50,2023-12-11,2023-12-15,-0.0646393225085551,水,木,木,0.013696203563819204,0.015068092866055361
2023-W51,2023-12-18,2023-12-22,0.06148477153550905,金,土,水,0.03430337145757436,0.02441552272150866
2023-W52,2023-12-25,2023-12-29,0.03566462774803159,火,火,土,0.026839566108114322,0.016960644178796738
2024-W01,2024-01-02,2024-01-05,-0.038545050372530136,木,土,火,0.01835423822965876,0.019681664062351625
2024-W02,2024-01-08,2024-01-12,0.030399872391083296,金,土,木,0.015059631736064356,0.011249359181476045
2024-W03,2024-01-15,2024-01-19,0.020874861068336442,土,木,土,0.025948920079660407,0.020188652360265177
2024-W04,2024-01-22,2024-01-26,-0.03703884743498629,木,金,土,0.016772361048831605,0.012328588924879097
2024-W05,2024-01-29,2024-02-02,-0.00696201023760516,水,土,木,0.04575044297028718,0.035083430858434725
2024-W06,2024-02-05,2024-02-08,0.06928241755970249,土,水,金,0.016084237190294847,0.027290375481610417
2024-W08,2024-02-19,2024-02-23,0.0025577854800675186,水,土,木,0.013434450898668744,0.010454589808978135
2024-W09,2024-02-26,2024-03-01,0.053358468139811925,金,金,水,0.02516618741000025,0.018442883421427282
2024-W10,2024-03-04,2024-03-08,-0.03666145272281722,火,木,土,0.009897080464873875,0.009950097701512155
2024-W11,2024-03-11,2024-03-15,0.000829072867718823,木,土,木,0.06244353852504228,0.03773602252630296
2024-W12,2024-03-18,2024-03-22,-0.023579125081218878,金,火,木,0.029182172416504965,0.02016475743248242
2024-W13,2024-03-25,2024-03-29,0.028591663844354617,土,水,土,0.021579104335739445,0.015564952164980772
2024-W14,2024-04-01,2024-04-03,-0.0009608334704662924,木,土,火,0.02514109151748002,0.019756289349635362
2024-W15,2024-04-08,2024-04-12,-0.03243188757462177,水,木,木,0.0122787035402033,0.012464097304527348
2024-W16,2024-04-15,2024-04-19,-0.03268837722310666,土,金,水,0.025863507437904464,0.0156379358911607
2024-W17,2024-04-22,2024-04-26,0.040511348163443796,火,土,土,0.014016313781941068,0.010416183751177777
2024-W18,2024-04-29,2024-04-30,-0.034110480161208025,水,水,木,0.04566265162957059,0.03228837061422832
2024-W19,2024-05-06,2024-05-10,-0.016956165357377213,金,火,水,0.024909611327125537,0.019632131090252615
2024-W20,2024-05-13,2024-05-17,0.018143905214423328,火,土,土,0.014246355354468589,0.010689868480562548
2024-W21,2024-05-20,2024-05-24,-0.012214873826886323,木,金,木,0.012476297880305817,0.009440292225243726
2024-W22,2024-05-27,2024-05-31,-0.011313191028752372,金,木,木,0.0069219388713620475,0.006352507125798211
2024-W23,2024-06-03,2024-06-07,-0.047013964768176326,土,土,土,0.03250817110964024,0.02224699469798594
2024-W24,2024-06-11,2024-06-14,-0.020768289138381024,火,火,土,0.010789726568077994,0.010991217034039049
2024-W25,2024-06-17,2024-06-21,-0.016284910988209386,水,水,木,0.013682866806129495,0.011307489118810844
2024-W26,2024-06-24,2024-06-28,-0.03787815559363833,土,土,水,0.013401979307127894,0.009531899738747667
2024-W27,2024-07-01,2024-07-05,0.008764793592005351,火,木,土,0.015424282964079793,0.010635618419733135
2024-W28,2024-07-08,2024-07-12,0.021872621426705763,水,金,木,0.016310887835068663,0.012866083741034312
2024-W29,2024-07-15,2024-07-19,0.06161487124213917,金,土,水,0.018238899565432502,0.01420050256523149
2024-W30,2024-07-22,2024-07-26,-0.0008974055027262292,火,水,土,0.010530405721901734,0.006974238533457966
2024-W31,2024-07-29,2024-08-02,-0.041153973967678836,木,火,木,0.017527963679232966,0.017227775742969582
2024-W32,2024-08-05,2024-08-09,-0.040351295523567345,金,土,木,0.005157298001604952,0.008171928174089182
2024-W33,2024-08-12,2024-08-16,0.026970288040588448,土,金,土,0.014623084710772076,0.010204189671256036
2024-W34,2024-08-19,2024-08-23,0.0346985005423622,木,木,土,0.013789592266674366,0.012846000705355071
2024-W35,2024-08-26,2024-08-30,0.0022809981105920926,水,土,木,0.012393114656545412,0.009618712363167869
2024-W36,2024-09-02,2024-09-06,0.0259316159230629,土,火,水,0.015510659882491408,0.011206503599856619
2024-W37,2024-09-09,2024-09-13,-0.008951639864996752,火,水,土,0.025129497110373503,0.02033924483920709
2024-W38,2024-09-18,2024-09-20,-0.004301081899390697,木,金,火,0.01137108200834671,0.008446313692103146
2024-W39,2024-09-23,2024-09-27,0.1866074354410653,金,木,水,0.03580837464886314,0.040103768448048895
2024-W40,2024-09-30,2024-09-30,0.0,火,金,火,,0.1048798216852485
2024-W41,2024-10-08,2024-10-11,-0.21237399255816686,木,火,火,0.13983632851339775,0.1018042902994107
2024-W42,2024-10-14,2024-10-18,0.0006805308402990394,金,水,木,0.047253571448248856,0.03689441470716641
2024-W43,2024-10-21,2024-10-25,0.021553231639742466,土,火,土,0.026404755823757613,0.01860063105389608
2024-W44,2024-10-28,2024-11-01,-0.0399702915505496,木,土,土,0.007138260163956975,0.010401676798390193
2024-W45,2024-11-04,2024-11-08,0.02477028550974737,水,金,木,0.02712533390279003,0.0246784799935458
2024-W46,2024-11-11,2024-11-15,-0.007278762485102636,土,木,水,0.03383065821574044,0.030190723584295566
2024-W47,2024-11-18,2024-11-22,-0.014635715827311204,火,土,土,0.02054113829121265,0.014713477906695796
2024-W48,2024-11-25,2024-11-29,-0.010888294268630182,水,火,木,0.024278951926291585,0.021066040358685697
2024-W49,2024-12-02,2024-12-06,0.01649241149179838,金,水,水,0.021327219990690812,0.013581258565826437
2024-W50,2024-12-09,2024-12-13,-0.003812518634597068,火,土,土,0.019320410011797576,0.015406179603528128
2024-W51,2024-12-16,2024-12-20,-0.016946679460247915,木,木,木,0.018455918279195592,0.013276810373500961
2024-W52,2024-12-23,2024-12-27,-0.005708864220320204,金,金,木,0.015638609870888814,0.010005555566297114
2025-W01,2024-12-30,2025-01-03,-0.034149939099240245,土,土,土,0.018361361694627314,0.012869955378503859
2025-W02,2025-01-06,2025-01-10,-0.042771312876304854,木,水,土,0.014029343856100662,0.012469971714813491
2025-W03,2025-01-13,2025-01-17,0.018419091781230718,水,火,木,0.02106716379232787,0.014333295044568728
2025-W04,2025-01-20,2025-01-24,-0.018626759694959187,土,土,水,0.029534636645173917,0.02034989134183108
2025-W05,2025-01-27,2025-01-27,0.0,火,金,火,,0.013987322821540088
2025-W06,2025-02-05,2025-02-07,0.03568746457724548,木,火,火,0.02552830853069656,0.018286128275851948
2025-W07,2025-02-10,2025-02-14,0.04264505605133118,金,土,水,0.02410668087590343,0.021133938739008082
2025-W08,2025-02-17,2025-02-21,0.022571836352980778,火,火,土,0.011998612471553082,0.009673174007514013
2025-W09,2025-02-24,2025-02-28,-0.026877317763746522,木,水,木,0.010237785174928217,0.010386542750778396
2025-W10,2025-03-03,2025-03-07,-0.04781086100416925,金,土,木,0.027769443692783672,0.021483694600769283
2025-W11,2025-03-10,2025-03-14,0.021215839150272572,土,木,土,0.01928372032699351,0.012685519126644234
2025-W12,2025-03-17,2025-03-21,0.0,木,金,土,0.02340400637461621,0.019042610949723815
2025-W13,2025-03-24,2025-03-28,-0.005281975927900308,水,土,木,0.008885375293078025,0.007816800671082194
2025-W14,2025-03-31,2025-04-03,-0.03976169918467576,土,水,金,0.010345902075340098,0.013887319219635014
2025-W15,2025-04-07,2025-04-11,0.03998529108279356,火,火,土,0.0647001802526756,0.04658112576846561
2025-W16,2025-04-14,2025-04-18,0.006496707761345486,水,土,木,0.011891585961150978,0.008013002855836384
2025-W17,2025-04-21,2025-04-25,0.02239601257388646,金,金,水,0.009802553576374629,0.014065482258304984
2025-W18,2025-04-28,2025-04-30,-0.014367138946715336,火,木,土,0.004898735472787449,0.007263692672665851
2025-W19,2025-05-06,2025-05-09,0.06937559263898074,木,水,火,0.012820422600313842,0.01748424752538156
2025-W20,2025-05-12,2025-05-16,0.009140973092146273,金,火,木,0.01711031091000892,0.013706000424442175
2025-W21,2025-05-19,2025-05-23,0.02652957349981322,土,水,土,0.02245240506671629,0.0162823613297825
2025-W22,2025-05-26,2025-05-30,-0.023325825303496677,木,土,土,0.0165530278446489,0.013150057330618924
2025-W23,2025-06-03,2025-06-06,-0.00907951760667216,水,木,木,0.006558820004642654,0.004312676014659529
2025-W24,2025-06-09,2025-06-13,0.010612113038140091,土,金,水,0.017429274293942993,0.012475800522683607
2025-W25,2025-06-16,2025-06-20,-0.026289199844613004,火,土,土,0.004963726948124231,0.006502640495455547
2025-W26,2025-06-23,2025-06-27,0.04640049610326717,水,水,木,0.020662047822357994,0.016005198432375904
2025-W27,2025-06-30,2025-07-04,0.05244242375141658,金,火,水,0.021097369045856282,0.014283178805335164
2025-W28,2025-07-07,2025-07-11,0.0398632768275098,火,土,土,0.016974325862469015,0.012437682880837766
2025-W29,2025-07-14,2025-07-18,0.01000564211732117,木,金,木,0.01376598907204147,0.010378495897033652
2025-W30,2025-07-21,2025-07-25,0.011165354409713071,金,木,木,0.01814799785974503,0.01430146187938267
2025-W31,2025-07-28,2025-08-01,-0.08462005564469553,土,土,土,0.032815963662632765,0.027022851437992223
2025-W32,2025-08-04,2025-08-08,-0.01132173011293202,木,火,土,0.007716100491139612,0.005493487746066843
2025-W33,2025-08-11,2025-08-15,0.06251920765842872,水,水,木,0.017431781311346924,0.01326292496944772
2025-W34,2025-08-18,2025-08-22,0.014662299222993317,土,土,水,0.017186899878210152,0.01301198284687979
2025-W35,2025-08-25,2025-08-29,0.05332718989399903,火,木,土,0.0514921335611372,0.030952560748452464
2025-W36,2025-09-01,2025-09-05,0.06713588519679177,水,金,木,0.0335543267961725,0.02283184042544025
2025-W37,2025-09-08,2025-09-12,-0.0011378139825559896,金,土,水,0.015046729013433888,0.011570002528449143
2025-W38,2025-09-15,2025-09-19,0.03814121243953667,火,水,土,0.04869260929659179,0.037543094000720874
2025-W39,2025-09-22,2025-09-26,0.027585199027759827,木,火,木,0.0273378296466377,0.02130283000216258
2025-W40,2025-09-29,2025-09-30,0.011584252040351751,金,土,水,0.02267002291597613,0.027614378973892906
2025-W41,2025-10-09,2025-10-10,-0.07059912103113747,金,水,水,0.06366496958177915,0.04501793171531132
2025-W42,2025-10-13,2025-10-17,-0.04466783154866076,木,木,土,0.029040320241517082,0.02530368189887791
2025-W43,2025-10-20,2025-10-24,0.051242815623751076,水,土,木,0.014361528425840066,0.018111527709495492
2025-W44,2025-10-27,2025-10-31,0.00668432710104009,土,火,水,0.021069220276520733,0.01293996963001478
2025-W45,2025-11-03,2025-11-07,0.021759164849955975,火,水,土,0.017859480738080177,0.013600280784652762
2025-W46,2025-11-10,2025-11-14,0.04974206714968926,水,土,木,0.041204790449640434,0.026723419478967225
2025-W47,2025-11-17,2025-11-21,-0.054641736148094984,金,木,水,0.019949449460340486,0.023929750573725973
2025-W48,2025-11-24,2025-11-28,0.007126080575820919,火,金,土,0.003888462263968346,0.0034641840786053
2025-W49,2025-12-01,2025-12-05,0.015854022195096344,木,土,木,0.016408024463323356,0.015601150236660283
2025-W50,2025-12-08,2025-12-12,-0.0017850317120226772,金,水,木,0.013726513741506833,0.01183682870414138
2025-W51,2025-12-15,2025-12-19,-0.03028539558885225,土,火,土,0.017965353914001572,0.016705010956559015
2025-W52,2025-12-22,2025-12-26,0.006941215374980378,木,土,土,0.010226634872678525,0.00796806449759193
2026-W01,2025-12-29,2025-12-31,-0.0055663556570350525,水,金,水,0.006811913617965622,0.006444941835812867
2026-W02,2026-01-05,2026-01-09,-0.022150812590137296,土,木,水,0.01521081297454638,0.009951934736271517
2026-W03,2026-01-12,2026-01-16,-0.02621998945203462,火,土,土,0.008027055187346614,0.009375980512925418
2026-W04,2026-01-19,2026-01-23,-0.005460568245869166,水,火,木,0.0070384720781403315,0.005470618095593882
2026-W05,2026-01-26,2026-01-30,0.02297622927645229,金,水,水,0.01445514116018209,0.01057984576601338
2026-W06,2026-02-02,2026-02-06,0.05608008862760786,火,土,土,0.02278860753785258,0.01532484541709202
2026-W07,2026-02-09,2026-02-13,-0.009480293298435461,木,木,木,0.01879613851927262,0.013824527350563132
2026-W09,2026-02-24,2026-02-27,-0.056666104337937076,土,火,金,0.020182055156403603,0.01681473514885409
2026-W10,2026-03-02,2026-03-06,0.041877225000346976,木,水,土,0.018470459690321926,0.015480965416638756
2026-W11,2026-03-09,2026-03-13,0.10480091855312808,水,火,木,0.027361733741068168,0.02380595298228499
2026-W12,2026-03-16,2026-03-20,0.011200506670522277,土,土,水,0.01982814952061853,0.015715590367607092
2026-W13,2026-03-23,2026-03-27,0.034690646296906415,火,金,土,0.02309598793130345,0.017348653807906147
2026-W14,2026-03-30,2026-04-03,-0.06641922317417842,水,木,木,0.018381010566403105,0.01879112875900677
2026-W15,2026-04-07,2026-04-10,0.07850742848465858,金,水,水,0.03238387285609225,0.022516207347253223
2026-W16,2026-04-13,2026-04-17,0.03918649491838055,火,火,土,0.02775943169146864,0.02182922333870435
2026-W17,2026-04-20,2026-04-24,0.028267211440062077,木,水,木,0.023171922990629933,0.018062421232988728
2026-W18,2026-04-27,2026-04-30,0.002572112386255405,金,土,水,0.029953609467025688,0.024913029624150526
2026-W19,2026-05-06,2026-05-08,-0.05129329438755058,金,土,金,0.046323673139051995,0.03495918017388561
2026-W20,2026-05-11,2026-05-13,-0.027405823543699068,木,金,火,0.02828405936490607,0.02032723993804003
